Order_ID,Order_Date,Customer_Name,Segment,Region,Category,Product_Name,Unit_Price,Quantity,Discount,Payment_Method,Order_Status
ORD-20240001,11/23/2024,Ananya Verma,Home Office,South,Furniture,Standing Desk,,2,0.15,Credit Card,Returned
ORD-20240002,2024-02-17,Emma Davis,Corporate,North,Home Appliances,Electric Kettle,39.99,1,0.2,PayPal,Completed
ORD-20240003,2024-01-04,Rahul Joshi,Corporate,East,Clothing,Winter Parka,150.0,3,0.15,Credit Card,Completed
ORD-20240004,2024-06-25,Siddharth Kaplan,Consumer,Central,Electronics,4K Monitor,320.0,2,0.2,UPI / Bank Transfer,Pending
ORD-20240005,2024-07-04,Rohan Gupta,Consumer,South,Electronics,Wireless Headphones,89.99,2,0.1,Credit Card,Completed
ORD-20240006,2024-07-05,Rohan Gupta,Home Office,East,Furniture,Standing Desk,450.0,1,0.05,PayPal,Returned
ORD-20240007,2024-07-13,Priya Patel,Consumer,East,Home Appliances,Espresso Machine,299.99,1,0.1,Credit Card,Pending
ORD-20240008,2024-02-03,Siddharth Kaplan,Home Office,South,Home Appliances,Robot Vacuum,349.99,1,0.1,Debit Card,Completed
ORD-20240009,2024-10-14,Sneha Iyer,Consumer,Central,Home Appliances,Blender Pro,79.99,2,0.0,Debit Card,Completed
ORD-20240010,2024-03-19,Ava Anderson,Corporate,North,Office Supplies,Stapler Heavy Duty,24.0,2,0.0,UPI / Bank Transfer,Returned
ORD-20240011,2024-02-28,Sophia Miller,Consumer,East,Home Appliances,Robot Vacuum,349.99,2,0.1,Debit Card,Completed
ORD-20240012,2024-04-01,Vikram Singh,Corporate,Central,Electronics,Bluetooth Speaker,49.99,2,0.2,PayPal,Returned
ORD-20240013,2024-11-02,Pooja Nair,Consumer,East,Electronics,Wireless Headphones,89.99,3,0.2,Credit Card,Completed
ORD-20240014,2024-02-13,Olivia Taylor,Home Office,South,Electronics,USB-C Dock,,3,0.2,PayPal,Completed
ORD-20240015,2024-08-04,Meera Rao,Corporate,East,Home Appliances,Espresso Machine,299.99,5,0.05,Debit Card,Completed
ORD-20240016,2024-06-22,Rohan Gupta,Home Office,Central,Home Appliances,Espresso Machine,299.99,1,,Credit Card,Completed
ORD-20240017,2024-06-18,Vikram Singh,Home Office,West,Clothing,Cotton T-Shirt,25.0,1,0.15,Debit Card,Completed
ORD-20240018,2024-04-07,Priya Patel,Home Office,West,Office Supplies,Binder Clips Set,8.5,1,0.15,Credit Card,Completed
ORD-20240019,2024-02-25,Neha Reddy,Corporate,West,Clothing,Formal Blazer,180.0,1,0.0,Debit Card,Completed
ORD-20240020,2024-10-08,Sneha Iyer,Consumer,North,Home Appliances,Air Fryer,99.99,1,0.15,Debit Card,Completed
ORD-20240021,2024-07-24,Karan Malhotra,Corporate,North,Clothing,Winter Parka,150.0,4,0.2,UPI / Bank Transfer,Completed
ORD-20240022,2024-09-06,Emma Davis,Consumer,North,Furniture,Standing Desk,450.0,1,0.0,UPI / Bank Transfer,Completed
ORD-20240023,2024-09-14,Rohan Gupta,Consumer,North,Home Appliances,Espresso Machine,299.99,4,0.0,Credit Card,Returned
ORD-20240024,2024-04-30,,Consumer,Central,Home Appliances,Espresso Machine,299.99,2,0.2,Debit Card,Cancelled
ORD-20240025,2024-06-10,Vikram Singh,Home Office,South,Clothing,Cotton T-Shirt,25.0,4,0.1,UPI / Bank Transfer,Completed
ORD-20240026,2024-02-07,Rahul Joshi,Home Office,North,Home Appliances,Electric Kettle,39.99,1,0.1,UPI / Bank Transfer,Completed
ORD-20240027,2024-05-05,Ava Anderson,Home Office,Central,Clothing,Winter Parka,150.0,2,0.2,Credit Card,Cancelled
ORD-20240028,2024-12-05,Emma Davis,Consumer,North,Clothing,Cotton T-Shirt,25.0,2,0.2,UPI / Bank Transfer,Completed
ORD-20240029,2024-06-24,Priya Patel,Consumer,West,Furniture,Leather Sofa,899.0,1,0.1,Debit Card,Pending
ORD-20240030,2024-06-19,Sophia Miller,Home Office,West,Furniture,Standing Desk,450.0,3,0.0,Credit Card,Completed
ORD-20240031,2024-12-19,Vikram Singh,Corporate,East,Home Appliances,Air Fryer,99.99,5,0.1,PayPal,Completed
ORD-20240032,2024-01-21,Emma Davis,Corporate,North,Clothing,Running Shoes,110.0,4,0.05,PayPal,Completed
ORD-20240033,2024-03-31,Sophia Miller,Home Office,East,Electronics,Smart Watch,199.99,4,0.05,PayPal,Completed
ORD-20240034,2024-02-25,Ethan Brown,Corporate,South,Electronics,4K Monitor,320.0,2,0.05,UPI / Bank Transfer,Pending
ORD-20240035,2024-12-03,Karan Malhotra,Corporate,North,Furniture,Bookshelf,120.0,2,0.2,Debit Card,Cancelled
ORD-20240036,2024-01-15,Karan Malhotra,Consumer,Central,Furniture,Standing Desk,450.0,1,0.15,Credit Card,Returned
ORD-20240037,06/09/2024,Rahul Joshi,Corporate,West,Home Appliances,Air Fryer,99.99,2,0.15,Credit Card,Cancelled
ORD-20240038,2024-10-02,Amit Choudhury,Home Office,West,Clothing,Cotton T-Shirt,25.0,2,0.0,UPI / Bank Transfer,Cancelled
ORD-20240039,2024-06-02,Emma Davis,Consumer,West,Office Supplies,Binder Clips Set,8.5,2,0.15,PayPal,Completed
ORD-20240040,2024-03-30,Pooja Nair,Corporate,Central,Furniture,Desk Lamp,35.0,2,0.2,PayPal,Completed
ORD-20240041,2024-06-13,Neha Reddy,Home Office,Central,Office Supplies,Gel Pens Set,12.99,2,0.2,Credit Card,Completed
ORD-20240042,2024-11-13,Vikram Singh,Consumer,South,Clothing,Cotton T-Shirt,25.0,3,0.15,Credit Card,Completed
ORD-20240043,2024-02-07,Sneha Iyer,Consumer,West,Home Appliances,Espresso Machine,299.99,2,0.0,Credit Card,Pending
ORD-20240044,2024-04-22,Ananya Verma,Corporate,,Home Appliances,Blender Pro,79.99,1,0.15,PayPal,Pending
ORD-20240045,2024-10-13,Emma Davis,Corporate,Central,Office Supplies,Stapler Heavy Duty,24.0,2,0.15,PayPal,Cancelled
ORD-20240046,2024-05-06,Karan Malhotra,Corporate,West,Furniture,Leather Sofa,899.0,3,0.1,Credit Card,Cancelled
ORD-20240047,2024-06-20,Siddharth Kaplan,Home Office,South,Home Appliances,Air Fryer,99.99,1,0.05,PayPal,Cancelled
ORD-20240048,2024-07-27,Sophia Miller,Corporate,North,Office Supplies,Planner Notebook,18.0,1,0.2,Credit Card,Pending
ORD-20240049,2024-01-04,Emma Davis,Home Office,West,Furniture,Desk Lamp,35.0,4,0.05,PayPal,Completed
ORD-20240050,2024-09-05,Vikram Singh,Home Office,South,Furniture,Desk Lamp,35.0,1,0.2,Credit Card,Completed
ORD-20240051,2024-01-14,Karan Malhotra,Corporate,West,Office Supplies,Gel Pens Set,12.99,1,0.15,UPI / Bank Transfer,Completed
ORD-20240052,2024-07-13,Emma Davis,Consumer,North,Office Supplies,Binder Clips Set,8.5,1,0.0,UPI / Bank Transfer,Completed
ORD-20240053,2024-11-29,Ava Anderson,Consumer,South,Electronics,Smart Watch,199.99,1,0.15,PayPal,Completed
ORD-20240054,2024-10-15,Ava Anderson,Home Office,East,Office Supplies,Binder Clips Set,8.5,4,0.05,Credit Card,Pending
ORD-20240055,2024-02-25,Rahul Joshi,Consumer,West,Furniture,Leather Sofa,899.0,2,0.1,PayPal,Completed
ORD-20240056,2024-11-03,Meera Rao,Consumer,,Home Appliances,Air Fryer,99.99,4,0.15,UPI / Bank Transfer,Completed
ORD-20240057,2024-02-24,Liam Wilson,Home Office,South,Furniture,Desk Lamp,35.0,2,0.2,UPI / Bank Transfer,Returned
ORD-20240058,2024-08-26,Rohan Gupta,Corporate,East,Home Appliances,Robot Vacuum,349.99,2,0.15,Debit Card,Completed
ORD-20240059,2024-12-08,Rahul Joshi,Corporate,East,Electronics,4K Monitor,320.0,3,0.1,UPI / Bank Transfer,Completed
ORD-20240060,2024-12-25,Rohan Gupta,Consumer,Central,Home Appliances,Air Fryer,99.99,5,0.2,Debit Card,Completed
ORD-20240061,2024-12-19,Sneha Iyer,Corporate,North,Office Supplies,Planner Notebook,18.0,3,0.2,PayPal,Completed
ORD-20240062,2024-10-10,Ethan Brown,Corporate,East,Office Supplies,Stapler Heavy Duty,24.0,2,0.05,UPI / Bank Transfer,Completed
ORD-20240063,2024-04-08,Olivia Taylor,Corporate,South,Home Appliances,Espresso Machine,299.99,1,0.05,UPI / Bank Transfer,Completed
ORD-20240064,2024-07-03,Priya Patel,Home Office,South,Electronics,USB-C Dock,75.5,1,0.05,UPI / Bank Transfer,Cancelled
ORD-20240065,2024-09-08,Ethan Brown,Corporate,East,Electronics,USB-C Dock,75.5,1,,PayPal,Completed
ORD-20240066,2024-09-01,Priya Patel,Consumer,West,Electronics,4K Monitor,320.0,1,0.2,PayPal,Pending
ORD-20240067,2024-02-13,Ava Anderson,Consumer,West,Electronics,USB-C Dock,75.5,5,0.15,Debit Card,Completed
ORD-20240068,2024-10-28,Ananya Verma,Consumer,Central,Furniture,Leather Sofa,899.0,5,0.0,PayPal,Completed
ORD-20240069,2024-03-29,Ava Anderson,Corporate,West,Clothing,Denim Jacket,65.0,2,0.05,UPI / Bank Transfer,Completed
ORD-20240070,2024-05-24,Noah Martinez,Home Office,South,Office Supplies,Paper Reams (5-pack),22.5,3,0.0,PayPal,Completed
ORD-20240071,2024-11-27,Pooja Nair,Home Office,North,Furniture,Standing Desk,450.0,2,0.0,UPI / Bank Transfer,Completed
ORD-20240072,2024-06-04,Rohan Gupta,Home Office,Central,Furniture,Leather Sofa,899.0,2,,Credit Card,Completed
ORD-20240073,2024-01-14,Karan Malhotra,Home Office,North,Home Appliances,Electric Kettle,39.99,1,0.05,Credit Card,Pending
ORD-20240074,2024-11-29,Olivia Taylor,Consumer,Central,Furniture,Standing Desk,450.0,3,0.15,Debit Card,Completed
ORD-20240075,12/09/2024,,Home Office,West,Clothing,Cotton T-Shirt,25.0,2,0.2,Debit Card,Pending
ORD-20240076,2024-02-15,Aarav Sharma,Home Office,West,Furniture,Ergonomic Chair,249.99,1,0.0,Debit Card,Completed
ORD-20240077,2024-07-04,Emma Davis,Consumer,North,Office Supplies,Planner Notebook,18.0,2,0.15,UPI / Bank Transfer,Completed
ORD-20240078,2024-11-18,Emma Davis,Corporate,East,Clothing,Running Shoes,110.0,4,0.0,Credit Card,Completed
ORD-20240079,2024-03-01,Karan Malhotra,Corporate,East,Clothing,Winter Parka,150.0,2,0.05,Debit Card,Completed
ORD-20240080,2024-03-15,Karan Malhotra,Corporate,South,Home Appliances,Electric Kettle,39.99,2,0.2,UPI / Bank Transfer,Pending
ORD-20240081,2024-01-02,Olivia Taylor,Consumer,Central,Furniture,Leather Sofa,899.0,1,0.15,Debit Card,Returned
ORD-20240082,2024-10-09,Sneha Iyer,Home Office,East,Office Supplies,Planner Notebook,18.0,3,0.15,Debit Card,Completed
ORD-20240083,2024-08-30,Priya Patel,Consumer,South,Office Supplies,Planner Notebook,18.0,3,0.0,UPI / Bank Transfer,Pending
ORD-20240084,2024-08-13,Vikram Singh,Consumer,South,Office Supplies,Paper Reams (5-pack),22.5,1,0.1,Debit Card,Pending
ORD-20240085,12/20/2024,Amit Choudhury,Home Office,Central,Electronics,Bluetooth Speaker,49.99,3,0.2,Debit Card,Pending
ORD-20240086,2024-02-05,Ananya Verma,Home Office,North,Furniture,Standing Desk,450.0,1,0.05,Credit Card,Completed
ORD-20240087,2024-01-15,Vikram Singh,Consumer,East,Electronics,Bluetooth Speaker,49.99,1,0.05,Debit Card,Returned
ORD-20240088,2024-02-10,Noah Martinez,Consumer,South,Office Supplies,Stapler Heavy Duty,24.0,2,0.1,PayPal,Completed
ORD-20240089,2024-12-07,Ethan Brown,Corporate,Central,Office Supplies,Binder Clips Set,8.5,1,0.15,UPI / Bank Transfer,Cancelled
ORD-20240090,2024-08-21,Siddharth Kaplan,Home Office,West,Clothing,Winter Parka,150.0,3,0.1,UPI / Bank Transfer,Returned
ORD-20240091,2024-05-31,,Home Office,North,Office Supplies,Binder Clips Set,8.5,1,0.1,Debit Card,Pending
ORD-20240092,2024-04-27,Vikram Singh,Home Office,South,Furniture,Standing Desk,450.0,2,0.0,Credit Card,Cancelled
ORD-20240093,2024-08-13,Amit Choudhury,Home Office,,Furniture,Standing Desk,450.0,1,0.05,Debit Card,Completed
ORD-20240094,2024-10-03,Neha Reddy,Corporate,Central,Furniture,Leather Sofa,899.0,4,0.1,Debit Card,Pending
ORD-20240095,2024-06-22,Sneha Iyer,Home Office,South,Office Supplies,Paper Reams (5-pack),22.5,3,0.2,Debit Card,Pending
ORD-20240096,2024-07-21,Karan Malhotra,Home Office,West,Home Appliances,Air Fryer,99.99,1,0.1,Debit Card,Pending
ORD-20240097,2024-04-29,Sneha Iyer,Home Office,East,Home Appliances,Electric Kettle,39.99,2,0.15,Credit Card,Cancelled
ORD-20240098,2024-06-03,Pooja Nair,Corporate,North,Electronics,Smart Watch,199.99,2,0.05,Credit Card,Completed
ORD-20240099,2024-03-10,Vikram Singh,Corporate,West,Furniture,Leather Sofa,899.0,2,0.15,Credit Card,Pending
ORD-20240100,2024-05-23,Sneha Iyer,Corporate,West,Furniture,Standing Desk,450.0,1,0.1,Credit Card,Cancelled
ORD-20240101,2024-11-26,Ethan Brown,Consumer,South,Office Supplies,Binder Clips Set,8.5,3,0.2,PayPal,Cancelled
ORD-20240102,2024-01-26,Emma Davis,Consumer,Central,Clothing,Running Shoes,110.0,3,0.05,PayPal,Pending
ORD-20240103,2024-03-16,Vikram Singh,Consumer,East,Home Appliances,Air Fryer,99.99,3,0.05,UPI / Bank Transfer,Pending
ORD-20240104,2024-01-14,Neha Reddy,Corporate,Central,Furniture,Standing Desk,450.0,1,0.15,Credit Card,Completed
ORD-20240105,2024-02-02,Liam Wilson,Consumer,Central,Furniture,Leather Sofa,899.0,2,0.2,Credit Card,Cancelled
ORD-20240106,2024-11-25,Ananya Verma,Corporate,West,Electronics,4K Monitor,320.0,5,0.0,Debit Card,Completed
ORD-20240107,2024-03-16,Amit Choudhury,Corporate,Central,Furniture,Leather Sofa,899.0,1,0.2,UPI / Bank Transfer,Completed
ORD-20240108,2024-02-20,Sneha Iyer,Corporate,South,Electronics,USB-C Dock,75.5,3,0.15,UPI / Bank Transfer,Pending
ORD-20240109,2024-02-18,Olivia Taylor,Consumer,East,Furniture,Bookshelf,120.0,1,0.0,Credit Card,Pending
ORD-20240110,2024-02-19,Emma Davis,Home Office,Central,Furniture,Standing Desk,450.0,3,0.0,UPI / Bank Transfer,Cancelled
ORD-20240111,2024-12-06,Meera Rao,Consumer,East,Office Supplies,Paper Reams (5-pack),22.5,5,0.15,PayPal,Completed
ORD-20240112,2024-02-25,Noah Martinez,Consumer,North,Home Appliances,Robot Vacuum,349.99,2,0.2,Debit Card,Pending
ORD-20240113,2024-11-14,Karan Malhotra,Consumer,Central,Home Appliances,Air Fryer,99.99,4,0.1,PayPal,Completed
ORD-20240114,2024-06-28,Aarav Sharma,Consumer,West,Clothing,Formal Blazer,180.0,1,0.15,PayPal,Completed
ORD-20240115,2024-03-21,Priya Patel,Consumer,Central,Furniture,Leather Sofa,899.0,2,0.2,PayPal,Pending
ORD-20240116,2024-02-11,Karan Malhotra,Consumer,Central,Office Supplies,Planner Notebook,18.0,1,0.15,Credit Card,Completed
ORD-20240117,2024-12-13,Siddharth Kaplan,Home Office,  east ,Office Supplies,Stapler Heavy Duty,24.0,4,0.05,Credit Card,Completed
ORD-20240118,2024-04-18,Olivia Taylor,Home Office,East,Furniture,Bookshelf,120.0,3,0.05,Debit Card,Completed
ORD-20240119,2024-12-26,Priya Patel,Corporate,North,Home Appliances,Robot Vacuum,349.99,2,0.0,Credit Card,Completed
ORD-20240120,2024-10-21,Aarav Sharma,Corporate,East,Office Supplies,Planner Notebook,18.0,2,0.2,PayPal,Pending
ORD-20240121,2024-12-19,Noah Martinez,Corporate,North,Electronics,4K Monitor,320.0,5,0.1,Credit Card,Completed
ORD-20240122,2024-04-23,Liam Wilson,Home Office,Central,Clothing,Denim Jacket,65.0,1,0.1,PayPal,Pending
ORD-20240123,2024-11-26,Neha Reddy,Home Office,South,Clothing,Denim Jacket,65.0,4,0.0,PayPal,Pending
ORD-20240124,2024-11-17,Noah Martinez,Home Office,West,Home Appliances,Electric Kettle,39.99,3,0.1,UPI / Bank Transfer,Pending
ORD-20240125,02/04/2024,Liam Wilson,Consumer,Central,Furniture,Bookshelf,120.0,2,0.15,UPI / Bank Transfer,Completed
ORD-20240126,2024-07-07,Siddharth Kaplan,Corporate,,Electronics,Wireless Headphones,89.99,3,0.2,Credit Card,Completed
ORD-20240127,06/13/2024,Amit Choudhury,Home Office,North,Home Appliances,Espresso Machine,299.99,2,0.05,Credit Card,Returned
ORD-20240128,2024-12-28,Meera Rao,Corporate,Central,Office Supplies,Stapler Heavy Duty,24.0,3,0.15,UPI / Bank Transfer,Completed
ORD-20240129,2024-12-13,Siddharth Kaplan,Corporate,East,Furniture,Ergonomic Chair,249.99,3,0.2,UPI / Bank Transfer,Cancelled
ORD-20240130,2024-06-19,Siddharth Kaplan,Consumer,East,Clothing,Cotton T-Shirt,25.0,1,,Credit Card,Completed
ORD-20240131,2024-06-17,Aarav Sharma,Corporate,West,Home Appliances,Air Fryer,99.99,3,0.05,UPI / Bank Transfer,Completed
ORD-20240132,2024-09-05,Ananya Verma,Home Office,North,Clothing,Running Shoes,110.0,1,0.1,Credit Card,Cancelled
ORD-20240133,2024-11-12,Ava Anderson,Consumer,South,Office Supplies,Gel Pens Set,12.99,2,0.15,Debit Card,Completed
ORD-20240134,2024-05-01,Sneha Iyer,Corporate,West,Home Appliances,Robot Vacuum,349.99,5,0.05,Debit Card,Pending
ORD-20240135,2024-10-19,Sophia Miller,Consumer,West,Office Supplies,Binder Clips Set,8.5,5,0.2,PayPal,Pending
ORD-20240136,2024-05-08,Liam Wilson,Consumer,Central,Office Supplies,Binder Clips Set,8.5,1,0.05,UPI / Bank Transfer,Completed
ORD-20240137,2024-09-19,Meera Rao,Consumer,South,Office Supplies,Paper Reams (5-pack),22.5,1,0.15,Debit Card,Completed
ORD-20240138,2024-04-30,Ananya Verma,Home Office,  south ,Electronics,Bluetooth Speaker,49.99,2,0.05,UPI / Bank Transfer,Pending
ORD-20240139,2024-05-26,Aarav Sharma,Consumer,West,Office Supplies,Gel Pens Set,12.99,4,0.05,Credit Card,Completed
ORD-20240140,2024-10-07,Pooja Nair,Consumer,West,Home Appliances,Electric Kettle,39.99,4,0.0,UPI / Bank Transfer,Completed
ORD-20240141,2024-11-23,Olivia Taylor,Home Office,North,Office Supplies,Paper Reams (5-pack),22.5,4,0.2,Credit Card,Cancelled
ORD-20240142,2024-03-14,Sophia Miller,Consumer,East,Electronics,USB-C Dock,75.5,1,0.1,Credit Card,Returned
ORD-20240143,2024-09-26,Olivia Taylor,Consumer,North,Home Appliances,Electric Kettle,39.99,2,0.1,Debit Card,Completed
ORD-20240144,2024-07-01,Amit Choudhury,Consumer,North,Furniture,Standing Desk,450.0,3,0.2,Credit Card,Completed
ORD-20240145,2024-11-25,Rohan Gupta,Home Office,South,Office Supplies,Planner Notebook,18.0,2,0.1,Debit Card,Completed
ORD-20240146,2024-04-12,Emma Davis,Corporate,Central,Furniture,Bookshelf,120.0,4,0.05,UPI / Bank Transfer,Completed
ORD-20240147,2024-01-25,Sophia Miller,Corporate,North,Furniture,Bookshelf,120.0,4,0.1,Debit Card,Completed
ORD-20240148,2024-09-11,Sophia Miller,Consumer,East,Furniture,Leather Sofa,899.0,2,0.05,Debit Card,Returned
ORD-20240149,2024-06-13,,Consumer,East,Furniture,Bookshelf,120.0,1,0.15,Debit Card,Completed
ORD-20240150,2024-06-29,Siddharth Kaplan,Corporate,North,Office Supplies,Binder Clips Set,8.5,2,0.05,PayPal,Completed
ORD-20240151,2024-12-13,Meera Rao,Corporate,North,Electronics,Smart Watch,199.99,4,0.0,Debit Card,Returned
ORD-20240152,2024-12-13,Noah Martinez,Consumer,West,Furniture,Bookshelf,120.0,3,0.1,UPI / Bank Transfer,Completed
ORD-20240153,2024-05-07,Emma Davis,Consumer,West,Electronics,Smart Watch,199.99,5,0.1,UPI / Bank Transfer,Pending
ORD-20240154,2024-04-19,Rohan Gupta,Corporate,South,Furniture,Desk Lamp,35.0,5,0.15,PayPal,Cancelled
ORD-20240155,2024-12-15,Pooja Nair,Corporate,North,Furniture,Bookshelf,120.0,5,0.05,PayPal,Cancelled
ORD-20240156,2024-09-17,Aarav Sharma,Corporate,South,Clothing,Running Shoes,110.0,1,0.2,UPI / Bank Transfer,Completed
ORD-20240157,2024-02-14,Sophia Miller,Home Office,Central,Office Supplies,Planner Notebook,18.0,1,0.1,Credit Card,Completed
ORD-20240158,2024-08-18,Emma Davis,Home Office,South,Home Appliances,Robot Vacuum,349.99,2,0.05,PayPal,Pending
ORD-20240159,2024-01-29,Amit Choudhury,Home Office,East,Home Appliances,Espresso Machine,299.99,3,0.2,PayPal,Completed
ORD-20240160,2024-02-10,Ava Anderson,Home Office,South,Home Appliances,Robot Vacuum,349.99,1,0.05,Credit Card,Returned
ORD-20240161,2024-10-24,Noah Martinez,Consumer,East,Home Appliances,Electric Kettle,39.99,1,0.0,Credit Card,Completed
ORD-20240162,2024-10-22,Aarav Sharma,Corporate,West,Clothing,Formal Blazer,180.0,1,0.1,UPI / Bank Transfer,Cancelled
ORD-20240163,2024-12-16,Sophia Miller,Corporate,North,Office Supplies,Paper Reams (5-pack),22.5,3,0.1,Debit Card,Completed
ORD-20240164,2024-06-09,Meera Rao,Home Office,West,Furniture,Bookshelf,120.0,4,0.05,Credit Card,Completed
ORD-20240165,2024-05-16,Siddharth Kaplan,Home Office,North,Clothing,Denim Jacket,65.0,2,0.05,Debit Card,Completed
ORD-20240166,2024-10-22,Ethan Brown,Corporate,West,Clothing,Running Shoes,110.0,3,0.0,UPI / Bank Transfer,Completed
ORD-20240167,2024-07-20,Priya Patel,Corporate,Central,Clothing,Running Shoes,110.0,2,0.15,Debit Card,Returned
ORD-20240168,2024-01-05,Siddharth Kaplan,Corporate,East,Office Supplies,Gel Pens Set,12.99,3,0.0,Credit Card,Completed
ORD-20240169,2024-04-09,Emma Davis,Corporate,West,Furniture,Ergonomic Chair,249.99,2,0.0,Credit Card,Completed
ORD-20240170,2024-06-22,Siddharth Kaplan,Home Office,South,Furniture,Standing Desk,450.0,2,0.0,Credit Card,Completed
ORD-20240171,2024-06-19,Liam Wilson,Consumer,South,Home Appliances,Blender Pro,79.99,3,0.1,UPI / Bank Transfer,Returned
ORD-20240172,2024-11-11,Liam Wilson,Home Office,East,Furniture,Leather Sofa,899.0,4,0.2,Debit Card,Cancelled
ORD-20240173,2024-01-09,Aarav Sharma,Home Office,Central,Electronics,4K Monitor,320.0,2,0.2,Debit Card,Completed
ORD-20240174,2024-01-27,Siddharth Kaplan,Consumer,Central,Clothing,Formal Blazer,180.0,2,,PayPal,Completed
ORD-20240175,2024-02-26,Rahul Joshi,Corporate,West,Office Supplies,Binder Clips Set,8.5,1,0.0,Debit Card,Pending
ORD-20240176,2024-09-22,Neha Reddy,Corporate,Central,Furniture,Desk Lamp,35.0,1,0.1,UPI / Bank Transfer,Returned
ORD-20240177,2024-12-14,Sneha Iyer,Corporate,West,Furniture,Leather Sofa,899.0,4,0.1,UPI / Bank Transfer,Completed
ORD-20240178,2024-12-26,Karan Malhotra,Corporate,West,Office Supplies,Binder Clips Set,8.5,2,0.2,Credit Card,Returned
ORD-20240179,2024-07-21,Rohan Gupta,Corporate,North,Clothing,Cotton T-Shirt,25.0,3,0.1,Debit Card,Cancelled
ORD-20240180,2024-04-19,Vikram Singh,Consumer,Central,Home Appliances,Robot Vacuum,349.99,1,0.0,PayPal,Completed
ORD-20240181,2024-09-28,Olivia Taylor,Consumer,North,Clothing,Denim Jacket,65.0,1,0.2,PayPal,Completed
ORD-20240182,2024-03-21,Pooja Nair,Corporate,South,Office Supplies,Planner Notebook,,2,0.0,UPI / Bank Transfer,Cancelled
ORD-20240183,2024-02-15,Neha Reddy,Corporate,North,Clothing,Formal Blazer,180.0,2,0.15,PayPal,Completed
ORD-20240184,2024-04-05,Ava Anderson,Consumer,North,Furniture,Ergonomic Chair,249.99,4,0.15,UPI / Bank Transfer,Completed
ORD-20240185,2024-10-05,Ananya Verma,Corporate,West,Clothing,Formal Blazer,180.0,2,0.15,PayPal,Cancelled
ORD-20240186,2024-04-05,Rahul Joshi,Consumer,Central,Furniture,Bookshelf,120.0,1,0.15,Debit Card,Pending
ORD-20240187,2024-02-14,Sneha Iyer,Consumer,South,Electronics,Smart Watch,199.99,2,0.05,UPI / Bank Transfer,Completed
ORD-20240188,2024-05-16,Meera Rao,Home Office,  central ,Furniture,Leather Sofa,899.0,5,0.0,PayPal,Completed
ORD-20240189,2024-03-22,Pooja Nair,Corporate,North,Home Appliances,Robot Vacuum,349.99,2,0.05,PayPal,Completed
ORD-20240190,2024-08-20,Olivia Taylor,Home Office,West,Home Appliances,Robot Vacuum,349.99,3,0.05,PayPal,Pending
ORD-20240191,2024-11-01,Meera Rao,Consumer,West,Electronics,USB-C Dock,75.5,5,0.2,Credit Card,Completed
ORD-20240192,2024-04-13,,Consumer,East,Clothing,Running Shoes,110.0,2,0.2,PayPal,Cancelled
ORD-20240193,2024-09-18,Ethan Brown,Home Office,South,Electronics,4K Monitor,320.0,2,0.15,Credit Card,Returned
ORD-20240194,2024-06-06,Noah Martinez,Consumer,North,Office Supplies,Binder Clips Set,8.5,3,0.1,Credit Card,Completed
ORD-20240195,2024-10-04,Neha Reddy,Consumer,North,Electronics,4K Monitor,320.0,5,0.15,Debit Card,Completed
ORD-20240196,2024-07-12,Emma Davis,Corporate,East,Home Appliances,Espresso Machine,299.99,2,0.05,PayPal,Cancelled
ORD-20240197,2024-01-12,Sneha Iyer,Consumer,West,Office Supplies,Stapler Heavy Duty,24.0,5,0.05,Debit Card,Completed
ORD-20240198,2024-02-27,Rohan Gupta,Consumer,North,Office Supplies,Stapler Heavy Duty,24.0,1,0.2,Credit Card,Completed
ORD-20240199,2024-01-25,,Consumer,West,Electronics,4K Monitor,320.0,1,0.1,PayPal,Returned
ORD-20240200,2024-10-21,Vikram Singh,Home Office,,Home Appliances,Robot Vacuum,349.99,1,0.1,PayPal,Completed
ORD-20240201,2024-10-12,Meera Rao,Home Office,Central,Clothing,Winter Parka,150.0,4,0.2,Debit Card,Pending
ORD-20240202,2024-08-01,Olivia Taylor,Consumer,South,Furniture,Desk Lamp,35.0,2,0.05,PayPal,Completed
ORD-20240203,2024-01-30,Sneha Iyer,Corporate,Central,Office Supplies,Stapler Heavy Duty,24.0,2,0.0,PayPal,Completed
ORD-20240204,2024-07-08,Ava Anderson,Home Office,East,Clothing,Denim Jacket,65.0,1,0.0,Credit Card,Pending
ORD-20240205,2024-10-27,Amit Choudhury,Corporate,West,Home Appliances,Espresso Machine,,3,0.05,Credit Card,Completed
ORD-20240206,2024-03-01,Siddharth Kaplan,Consumer,Central,Office Supplies,Gel Pens Set,12.99,3,0.1,UPI / Bank Transfer,Pending
ORD-20240207,2024-09-30,Olivia Taylor,Corporate,East,Furniture,Bookshelf,120.0,2,0.15,Credit Card,Pending
ORD-20240208,2024-06-12,Sneha Iyer,Home Office,  west ,Furniture,Bookshelf,120.0,4,0.1,PayPal,Completed
ORD-20240209,2024-10-26,Sneha Iyer,Corporate,South,Office Supplies,Binder Clips Set,8.5,2,0.2,PayPal,Completed
ORD-20240210,2024-12-16,Meera Rao,Consumer,West,Office Supplies,Planner Notebook,18.0,3,0.2,PayPal,Cancelled
ORD-20240211,2024-10-04,,Home Office,North,Electronics,USB-C Dock,75.5,5,0.0,Credit Card,Pending
ORD-20240212,11/18/2024,Meera Rao,Consumer,South,Clothing,Denim Jacket,65.0,2,0.15,Debit Card,Cancelled
ORD-20240213,2024-09-29,Emma Davis,Corporate,Central,Electronics,Wireless Headphones,89.99,2,0.15,Credit Card,Returned
ORD-20240214,2024-04-01,Ava Anderson,Home Office,South,Electronics,USB-C Dock,75.5,1,0.1,UPI / Bank Transfer,Pending
ORD-20240215,2024-07-22,Sneha Iyer,Corporate,Central,Office Supplies,Planner Notebook,18.0,1,0.0,Credit Card,Cancelled
ORD-20240216,2024-07-13,Rohan Gupta,Corporate,North,Office Supplies,Paper Reams (5-pack),22.5,2,0.1,Debit Card,Cancelled
ORD-20240217,2024-02-18,Noah Martinez,Corporate,South,Electronics,Smart Watch,199.99,4,0.0,UPI / Bank Transfer,Completed
ORD-20240218,2024-05-23,Amit Choudhury,Consumer,South,Home Appliances,Air Fryer,99.99,4,0.05,PayPal,Returned
ORD-20240219,2024-12-30,Noah Martinez,Corporate,South,Electronics,Bluetooth Speaker,49.99,4,0.05,UPI / Bank Transfer,Completed
ORD-20240220,2024-12-18,Sneha Iyer,Consumer,North,Home Appliances,Robot Vacuum,349.99,4,0.2,UPI / Bank Transfer,Returned
ORD-20240221,2024-07-22,Ethan Brown,Corporate,East,Furniture,Ergonomic Chair,249.99,5,0.2,PayPal,Completed
ORD-20240222,2024-08-09,Pooja Nair,Consumer,North,Home Appliances,Blender Pro,79.99,1,0.1,Credit Card,Completed
ORD-20240223,2024-12-30,Rohan Gupta,Consumer,East,Clothing,Winter Parka,150.0,4,,UPI / Bank Transfer,Completed
ORD-20240224,2024-02-22,Liam Wilson,Corporate,West,Clothing,Winter Parka,150.0,1,0.0,Credit Card,Completed
ORD-20240225,2024-02-17,Siddharth Kaplan,Consumer,North,Furniture,Desk Lamp,35.0,2,0.2,PayPal,Returned
ORD-20240226,2024-07-13,Rohan Gupta,Consumer,East,Furniture,Bookshelf,120.0,1,0.15,Debit Card,Completed
ORD-20240227,2024-02-09,Ethan Brown,Consumer,Central,Clothing,Winter Parka,150.0,2,0.0,PayPal,Completed
ORD-20240228,2024-06-19,Ava Anderson,Consumer,West,Office Supplies,Binder Clips Set,8.5,3,0.2,UPI / Bank Transfer,Completed
ORD-20240229,2024-04-12,Olivia Taylor,Home Office,East,Clothing,Winter Parka,150.0,2,0.15,PayPal,Completed
ORD-20240230,2024-07-20,Neha Reddy,Home Office,Central,Home Appliances,Espresso Machine,299.99,2,0.15,Credit Card,Cancelled
ORD-20240231,2024-04-17,Vikram Singh,Home Office,West,Furniture,Ergonomic Chair,249.99,2,0.1,UPI / Bank Transfer,Completed
ORD-20240232,2024-08-04,Siddharth Kaplan,Home Office,Central,Electronics,4K Monitor,320.0,3,0.0,Debit Card,Returned
ORD-20240233,2024-07-03,Sneha Iyer,Home Office,North,Home Appliances,Electric Kettle,39.99,3,0.2,UPI / Bank Transfer,Completed
ORD-20240234,2024-11-26,Ananya Verma,Corporate,West,Office Supplies,Binder Clips Set,8.5,4,0.2,PayPal,Returned
ORD-20240235,2024-12-18,Noah Martinez,Home Office,West,Office Supplies,Binder Clips Set,8.5,3,0.0,PayPal,Completed
ORD-20240236,2024-05-31,Amit Choudhury,Corporate,South,Electronics,Wireless Headphones,89.99,2,0.15,PayPal,Returned
ORD-20240237,2024-02-19,Ananya Verma,Consumer,North,Office Supplies,Binder Clips Set,8.5,2,0.0,UPI / Bank Transfer,Cancelled
ORD-20240238,2024-03-25,Amit Choudhury,Home Office,South,Clothing,Formal Blazer,180.0,4,0.05,Debit Card,Completed
ORD-20240239,2024-11-18,Rahul Joshi,Corporate,North,Office Supplies,Planner Notebook,18.0,2,0.0,Debit Card,Completed
ORD-20240240,2024-04-15,Emma Davis,Consumer,North,Electronics,USB-C Dock,75.5,1,0.05,UPI / Bank Transfer,Completed
ORD-20240241,2024-05-14,Ava Anderson,Corporate,East,Office Supplies,Stapler Heavy Duty,24.0,2,0.1,Credit Card,Completed
ORD-20240242,2024-11-12,Vikram Singh,Corporate,Central,Furniture,Leather Sofa,899.0,2,,Credit Card,Completed
ORD-20240243,2024-07-10,Noah Martinez,Corporate,West,Home Appliances,Blender Pro,79.99,2,0.15,Debit Card,Completed
ORD-20240244,2024-12-21,,Consumer,South,Clothing,Formal Blazer,180.0,5,0.15,UPI / Bank Transfer,Pending
ORD-20240245,2024-07-02,Emma Davis,Home Office,South,Office Supplies,Gel Pens Set,12.99,5,0.15,Debit Card,Completed
ORD-20240246,2024-08-15,Sneha Iyer,Corporate,North,Electronics,USB-C Dock,75.5,2,0.05,Credit Card,Completed
ORD-20240247,2024-03-27,,Consumer,Central,Home Appliances,Blender Pro,79.99,3,0.2,UPI / Bank Transfer,Pending
ORD-20240248,2024-07-06,Sophia Miller,Consumer,Central,Electronics,4K Monitor,320.0,2,0.0,PayPal,Completed
ORD-20240249,2024-06-27,Sneha Iyer,Consumer,North,Electronics,4K Monitor,320.0,4,0.2,UPI / Bank Transfer,Pending
ORD-20240250,2024-03-25,Emma Davis,Corporate,North,Clothing,Running Shoes,110.0,2,0.1,PayPal,Completed
ORD-20240251,2024-05-16,Sophia Miller,Consumer,South,Home Appliances,Air Fryer,99.99,5,0.05,UPI / Bank Transfer,Pending
ORD-20240252,2024-03-08,Noah Martinez,Home Office,West,Furniture,Standing Desk,450.0,1,0.15,UPI / Bank Transfer,Cancelled
ORD-20240253,02/08/2024,Meera Rao,Corporate,Central,Electronics,4K Monitor,320.0,2,0.2,Debit Card,Completed
ORD-20240254,2024-02-17,Siddharth Kaplan,Consumer,North,Office Supplies,Binder Clips Set,8.5,3,0.05,Debit Card,Pending
ORD-20240255,2024-06-14,Olivia Taylor,Corporate,Central,Furniture,Leather Sofa,899.0,3,0.0,Credit Card,Completed
ORD-20240256,2024-08-23,Sophia Miller,Consumer,  west ,Clothing,Winter Parka,150.0,1,0.1,PayPal,Cancelled
ORD-20240257,2024-05-20,Neha Reddy,Consumer,North,Furniture,Bookshelf,120.0,1,0.1,Debit Card,Cancelled
ORD-20240258,04/29/2024,Rohan Gupta,Consumer,North,Electronics,Wireless Headphones,89.99,2,0.15,PayPal,Returned
ORD-20240259,2024-12-22,Sneha Iyer,Corporate,South,Electronics,4K Monitor,320.0,3,0.0,Credit Card,Cancelled
ORD-20240260,2024-07-07,Vikram Singh,Consumer,South,Clothing,Winter Parka,150.0,4,0.05,Credit Card,Returned
ORD-20240261,2024-04-19,Rahul Joshi,Consumer,Central,Clothing,Winter Parka,150.0,2,0.0,Credit Card,Completed
ORD-20240262,2024-07-15,Rohan Gupta,Consumer,South,Office Supplies,Binder Clips Set,8.5,2,0.0,UPI / Bank Transfer,Pending
ORD-20240263,2024-12-03,Siddharth Kaplan,Corporate,Central,Clothing,Formal Blazer,180.0,5,0.05,Credit Card,Pending
ORD-20240264,2024-02-27,Aarav Sharma,Corporate,Central,Home Appliances,Air Fryer,99.99,1,0.15,UPI / Bank Transfer,Completed
ORD-20240265,2024-10-18,Rohan Gupta,Consumer,West,Home Appliances,Espresso Machine,299.99,2,0.1,Credit Card,Completed
ORD-20240266,2024-01-31,Liam Wilson,Corporate,East,Office Supplies,Stapler Heavy Duty,24.0,4,0.15,Debit Card,Cancelled
ORD-20240267,2024-10-01,Liam Wilson,Consumer,North,Clothing,Cotton T-Shirt,25.0,2,0.1,PayPal,Returned
ORD-20240268,2024-11-20,Sneha Iyer,Consumer,West,Electronics,Bluetooth Speaker,49.99,4,0.15,PayPal,Completed
ORD-20240269,2024-11-09,Vikram Singh,Home Office,  north ,Furniture,Standing Desk,450.0,4,0.15,Credit Card,Completed
ORD-20240270,2024-09-24,Karan Malhotra,Home Office,East,Furniture,Standing Desk,450.0,2,0.0,Credit Card,Pending
ORD-20240271,2024-08-07,Olivia Taylor,Corporate,Central,Electronics,Bluetooth Speaker,49.99,1,0.15,UPI / Bank Transfer,Completed
ORD-20240272,2024-03-26,Ananya Verma,Consumer,,Furniture,Ergonomic Chair,249.99,2,0.0,Credit Card,Completed
ORD-20240273,2024-08-29,Sophia Miller,Consumer,North,Clothing,Running Shoes,110.0,2,0.15,UPI / Bank Transfer,Completed
ORD-20240274,2024-06-12,Priya Patel,Consumer,East,Electronics,USB-C Dock,75.5,1,0.2,PayPal,Pending
ORD-20240275,2024-07-24,Emma Davis,Corporate,East,Office Supplies,Binder Clips Set,8.5,1,0.05,Credit Card,Completed
ORD-20240276,2024-06-04,Olivia Taylor,Consumer,East,Clothing,Winter Parka,150.0,3,,PayPal,Completed
ORD-20240277,2024-01-13,Siddharth Kaplan,Home Office,  east ,Furniture,Ergonomic Chair,249.99,1,0.05,UPI / Bank Transfer,Completed
ORD-20240278,2024-05-01,,Home Office,East,Electronics,Smart Watch,199.99,2,0.1,Debit Card,Cancelled
ORD-20240279,2024-02-13,Noah Martinez,Consumer,West,Home Appliances,Espresso Machine,299.99,2,0.05,Debit Card,Cancelled
ORD-20240280,2024-05-13,Sneha Iyer,Consumer,East,Office Supplies,Binder Clips Set,8.5,4,0.2,PayPal,Completed
ORD-20240281,2024-02-24,Meera Rao,Consumer,West,Office Supplies,Binder Clips Set,8.5,1,0.15,Debit Card,Completed
ORD-20240282,2024-03-02,Amit Choudhury,Consumer,North,Furniture,Leather Sofa,899.0,1,0.05,Credit Card,Cancelled
ORD-20240283,2024-07-21,Siddharth Kaplan,Corporate,  south ,Furniture,Bookshelf,120.0,2,0.15,PayPal,Completed
ORD-20240284,2024-03-12,Siddharth Kaplan,Corporate,South,Electronics,Smart Watch,199.99,1,0.2,Credit Card,Returned
ORD-20240285,2024-02-08,Rohan Gupta,Corporate,West,Electronics,Smart Watch,199.99,1,0.15,Credit Card,Completed
ORD-20240286,2024-10-20,Sophia Miller,Consumer,North,Office Supplies,Planner Notebook,18.0,2,0.05,UPI / Bank Transfer,Completed
ORD-20240287,2024-08-16,Pooja Nair,Corporate,Central,Electronics,USB-C Dock,75.5,4,0.15,Debit Card,Returned
ORD-20240288,2024-05-23,Emma Davis,Consumer,Central,Office Supplies,Gel Pens Set,12.99,2,0.1,Debit Card,Pending
ORD-20240289,09/05/2024,Neha Reddy,Consumer,East,Home Appliances,Electric Kettle,39.99,1,0.05,UPI / Bank Transfer,Returned
ORD-20240290,2024-05-23,Sneha Iyer,Consumer,East,Office Supplies,Stapler Heavy Duty,24.0,1,0.05,Credit Card,Completed
ORD-20240291,2024-01-29,Neha Reddy,Consumer,West,Clothing,Formal Blazer,180.0,3,0.1,PayPal,Returned
ORD-20240292,2024-12-23,Noah Martinez,Consumer,East,Home Appliances,Air Fryer,99.99,3,0.15,PayPal,Pending
ORD-20240293,2024-03-30,Aarav Sharma,Home Office,South,Electronics,Wireless Headphones,89.99,2,0.1,Debit Card,Completed
ORD-20240294,2024-04-13,Vikram Singh,Home Office,East,Furniture,Standing Desk,450.0,3,0.0,PayPal,Pending
ORD-20240295,2024-07-05,Pooja Nair,Corporate,Central,Furniture,Desk Lamp,35.0,5,0.15,PayPal,Completed
ORD-20240296,2024-09-06,Sneha Iyer,Home Office,Central,Clothing,Formal Blazer,180.0,2,0.1,PayPal,Completed
ORD-20240297,2024-05-30,Noah Martinez,Consumer,West,Electronics,USB-C Dock,75.5,1,0.1,PayPal,Returned
ORD-20240298,2024-11-09,Rohan Gupta,Consumer,West,Home Appliances,Air Fryer,99.99,2,0.05,UPI / Bank Transfer,Completed
ORD-20240299,2024-02-15,Sneha Iyer,Home Office,North,Furniture,Desk Lamp,35.0,3,0.1,Credit Card,Completed
ORD-20240300,2024-01-01,Olivia Taylor,Corporate,South,Office Supplies,Planner Notebook,18.0,1,0.15,UPI / Bank Transfer,Returned
ORD-20240301,2024-09-02,Priya Patel,Corporate,South,Home Appliances,Espresso Machine,299.99,3,0.1,Credit Card,Completed
ORD-20240302,2024-02-07,Rohan Gupta,Corporate,North,Office Supplies,Gel Pens Set,12.99,1,0.0,Debit Card,Cancelled
ORD-20240303,2024-11-30,Rahul Joshi,Consumer,North,Office Supplies,Gel Pens Set,12.99,2,0.2,Debit Card,Cancelled
ORD-20240304,2024-10-03,Siddharth Kaplan,Home Office,South,Furniture,Bookshelf,120.0,1,0.0,Debit Card,Completed
ORD-20240305,2024-08-06,Rahul Joshi,Consumer,South,Home Appliances,Blender Pro,79.99,1,0.15,UPI / Bank Transfer,Completed
ORD-20240306,2024-06-06,Emma Davis,Corporate,East,Office Supplies,Planner Notebook,18.0,3,0.15,PayPal,Completed
ORD-20240307,2024-08-16,Karan Malhotra,Home Office,East,Office Supplies,Planner Notebook,18.0,1,0.0,Credit Card,Completed
ORD-20240308,2024-06-25,Siddharth Kaplan,Home Office,South,Office Supplies,Stapler Heavy Duty,24.0,3,0.15,Debit Card,Returned
ORD-20240309,2024-04-30,Liam Wilson,Home Office,North,Electronics,4K Monitor,320.0,2,0.15,PayPal,Completed
ORD-20240310,2024-03-26,Sophia Miller,Consumer,North,Clothing,Running Shoes,110.0,5,0.2,PayPal,Pending
ORD-20240311,2024-02-04,Karan Malhotra,Home Office,Central,Home Appliances,Blender Pro,79.99,1,0.0,Debit Card,Pending
ORD-20240312,2024-11-15,Noah Martinez,Home Office,West,Office Supplies,Paper Reams (5-pack),22.5,3,0.2,Credit Card,Completed
ORD-20240313,2024-05-26,Olivia Taylor,Home Office,East,Furniture,Desk Lamp,35.0,4,0.05,Debit Card,Completed
ORD-20240314,2024-03-14,Amit Choudhury,Home Office,West,Office Supplies,Paper Reams (5-pack),22.5,2,0.15,PayPal,Completed
ORD-20240315,2024-07-09,Ananya Verma,Consumer,East,Furniture,Bookshelf,120.0,1,0.15,PayPal,Completed
ORD-20240316,2024-06-13,Rahul Joshi,Corporate,North,Office Supplies,Stapler Heavy Duty,24.0,1,,Debit Card,Pending
ORD-20240317,2024-01-29,Siddharth Kaplan,Consumer,East,Clothing,Denim Jacket,65.0,2,0.05,Credit Card,Completed
ORD-20240318,2024-04-12,Meera Rao,Home Office,West,Clothing,Denim Jacket,65.0,3,0.1,PayPal,Completed
ORD-20240319,2024-09-15,Ava Anderson,Corporate,South,Electronics,Wireless Headphones,89.99,2,0.15,PayPal,Pending
ORD-20240320,2024-06-28,Priya Patel,Consumer,  east ,Furniture,Ergonomic Chair,249.99,1,0.05,PayPal,Pending
ORD-20240321,2024-12-12,Aarav Sharma,Corporate,North,Office Supplies,Stapler Heavy Duty,24.0,2,0.05,PayPal,Cancelled
ORD-20240322,2024-01-05,Siddharth Kaplan,Corporate,,Home Appliances,Robot Vacuum,349.99,1,0.05,Debit Card,Completed
ORD-20240323,2024-12-12,Liam Wilson,Home Office,Central,Home Appliances,Blender Pro,79.99,3,,UPI / Bank Transfer,Returned
ORD-20240324,2024-06-01,Amit Choudhury,Corporate,East,Office Supplies,Paper Reams (5-pack),22.5,2,0.1,UPI / Bank Transfer,Cancelled
ORD-20240325,2024-09-21,Vikram Singh,Home Office,West,Electronics,USB-C Dock,75.5,3,0.15,Credit Card,Cancelled
ORD-20240326,2024-05-12,Noah Martinez,Consumer,North,Office Supplies,Planner Notebook,18.0,4,,UPI / Bank Transfer,Cancelled
ORD-20240327,2024-11-22,Emma Davis,Consumer,East,Furniture,Leather Sofa,899.0,4,0.15,UPI / Bank Transfer,Completed
ORD-20240328,2024-05-12,Sneha Iyer,Corporate,East,Home Appliances,Espresso Machine,299.99,3,0.1,PayPal,Cancelled
ORD-20240329,2024-06-18,Olivia Taylor,Consumer,West,Home Appliances,Robot Vacuum,349.99,2,0.05,Credit Card,Completed
ORD-20240330,2024-12-14,Vikram Singh,Consumer,North,Furniture,Desk Lamp,35.0,3,0.15,PayPal,Completed
ORD-20240331,2024-08-22,Neha Reddy,Corporate,West,Clothing,Denim Jacket,65.0,1,0.15,Credit Card,Completed
ORD-20240332,2024-03-27,Sophia Miller,Home Office,North,Clothing,Winter Parka,150.0,2,0.15,Debit Card,Completed
ORD-20240333,2024-07-15,Amit Choudhury,Home Office,East,Home Appliances,Espresso Machine,299.99,1,0.0,PayPal,Completed
ORD-20240334,2024-05-07,Liam Wilson,Home Office,South,Furniture,Bookshelf,120.0,1,0.0,UPI / Bank Transfer,Completed
ORD-20240335,2024-06-01,Sophia Miller,Home Office,Central,Office Supplies,Stapler Heavy Duty,24.0,4,0.15,PayPal,Completed
ORD-20240336,2024-04-06,Vikram Singh,Consumer,South,Office Supplies,Paper Reams (5-pack),22.5,1,0.2,Credit Card,Returned
ORD-20240337,2024-07-06,Ava Anderson,Consumer,East,Electronics,4K Monitor,,3,0.0,Credit Card,Cancelled
ORD-20240338,2024-01-11,Emma Davis,Corporate,West,Electronics,4K Monitor,320.0,1,0.05,Debit Card,Cancelled
ORD-20240339,2024-12-17,Karan Malhotra,Home Office,North,Furniture,Desk Lamp,35.0,4,0.0,PayPal,Completed
ORD-20240340,2024-11-12,Rahul Joshi,Corporate,West,Electronics,Wireless Headphones,89.99,2,0.15,PayPal,Completed
ORD-20240341,2024-01-21,Aarav Sharma,Home Office,East,Clothing,Winter Parka,150.0,2,0.2,Credit Card,Completed
ORD-20240342,2024-03-17,Sneha Iyer,Corporate,North,Home Appliances,Air Fryer,99.99,4,0.15,UPI / Bank Transfer,Completed
ORD-20240343,2024-03-30,Ananya Verma,Consumer,East,Furniture,Bookshelf,,4,0.05,Credit Card,Completed
ORD-20240344,2024-03-28,Rohan Gupta,Corporate,East,Office Supplies,Stapler Heavy Duty,24.0,1,0.0,UPI / Bank Transfer,Completed
ORD-20240345,2024-08-21,Neha Reddy,Consumer,West,Office Supplies,Planner Notebook,18.0,1,0.0,PayPal,Cancelled
ORD-20240346,2024-03-22,Neha Reddy,Home Office,Central,Home Appliances,Blender Pro,79.99,1,0.1,Debit Card,Pending
ORD-20240347,2024-12-16,Sophia Miller,Corporate,West,Clothing,Winter Parka,150.0,5,0.1,Credit Card,Completed
ORD-20240348,2024-01-07,Amit Choudhury,Home Office,Central,Home Appliances,Electric Kettle,39.99,3,0.05,Credit Card,Completed
ORD-20240349,2024-12-05,Ava Anderson,Consumer,Central,Office Supplies,Gel Pens Set,12.99,4,0.05,Credit Card,Cancelled
ORD-20240350,2024-08-28,Amit Choudhury,Corporate,West,Clothing,Denim Jacket,65.0,4,0.05,Credit Card,Returned
ORD-20240351,2024-07-12,Noah Martinez,Corporate,West,Clothing,Denim Jacket,65.0,2,,Credit Card,Pending
ORD-20240352,2024-03-01,Emma Davis,Home Office,West,Electronics,Wireless Headphones,89.99,5,0.0,Credit Card,Pending
ORD-20240353,2024-11-12,Ethan Brown,Corporate,,Home Appliances,Electric Kettle,39.99,4,0.0,UPI / Bank Transfer,Pending
ORD-20240354,2024-08-20,Meera Rao,Home Office,West,Home Appliances,Electric Kettle,39.99,1,0.0,Debit Card,Completed
ORD-20240355,2024-04-23,Ananya Verma,Consumer,Central,Furniture,Bookshelf,120.0,1,0.05,PayPal,Completed
ORD-20240356,2024-07-28,Siddharth Kaplan,Consumer,South,Home Appliances,Espresso Machine,299.99,1,0.05,Debit Card,Pending
ORD-20240357,2024-02-25,Ethan Brown,Corporate,North,Electronics,USB-C Dock,75.5,3,0.0,PayPal,Completed
ORD-20240358,2024-01-25,Neha Reddy,Home Office,West,Office Supplies,Stapler Heavy Duty,24.0,2,0.05,PayPal,Cancelled
ORD-20240359,2024-12-02,Ava Anderson,Home Office,West,Furniture,Leather Sofa,899.0,4,,PayPal,Completed
ORD-20240360,2024-05-30,Liam Wilson,Corporate,West,Clothing,Running Shoes,110.0,2,0.2,UPI / Bank Transfer,Cancelled
ORD-20240361,2024-04-12,Neha Reddy,Home Office,South,Furniture,Bookshelf,120.0,1,0.0,UPI / Bank Transfer,Cancelled
ORD-20240362,2024-10-14,Sophia Miller,Consumer,Central,Home Appliances,Blender Pro,79.99,2,0.15,Credit Card,Completed
ORD-20240363,12/09/2024,Vikram Singh,Consumer,East,Furniture,Standing Desk,450.0,1,0.2,UPI / Bank Transfer,Completed
ORD-20240364,2024-08-19,Liam Wilson,Home Office,Central,Home Appliances,Espresso Machine,299.99,1,0.0,UPI / Bank Transfer,Cancelled
ORD-20240365,2024-07-17,Karan Malhotra,Consumer,  north ,Furniture,Leather Sofa,899.0,2,0.05,Debit Card,Pending
ORD-20240366,2024-12-26,Rahul Joshi,Home Office,Central,Furniture,Leather Sofa,899.0,4,0.15,PayPal,Completed
ORD-20240367,2024-12-15,Sophia Miller,Corporate,North,Clothing,Formal Blazer,180.0,1,0.05,UPI / Bank Transfer,Completed
ORD-20240368,2024-05-10,Amit Choudhury,Home Office,,Office Supplies,Gel Pens Set,12.99,1,0.2,Credit Card,Pending
ORD-20240369,2024-06-03,Amit Choudhury,Home Office,East,Home Appliances,Electric Kettle,39.99,2,0.2,PayPal,Completed
ORD-20240370,2024-09-15,Sneha Iyer,Consumer,West,Home Appliances,Electric Kettle,39.99,1,0.1,UPI / Bank Transfer,Completed
ORD-20240371,2024-11-12,Ethan Brown,Consumer,North,Home Appliances,Air Fryer,99.99,3,0.1,PayPal,Completed
ORD-20240372,2024-02-28,Meera Rao,Home Office,North,Home Appliances,Robot Vacuum,349.99,2,0.0,Debit Card,Completed
ORD-20240373,2024-11-29,Emma Davis,Home Office,North,Home Appliances,Air Fryer,99.99,2,0.0,Credit Card,Cancelled
ORD-20240374,11/18/2024,Sophia Miller,Home Office,South,Office Supplies,Paper Reams (5-pack),22.5,4,0.05,Credit Card,Cancelled
ORD-20240375,2024-06-18,Emma Davis,Consumer,South,Electronics,Wireless Headphones,89.99,1,0.15,PayPal,Completed
ORD-20240376,2024-11-18,Emma Davis,Consumer,West,Furniture,Ergonomic Chair,249.99,3,0.2,Credit Card,Pending
ORD-20240377,2024-02-07,Pooja Nair,Home Office,East,Home Appliances,Air Fryer,99.99,2,0.15,Credit Card,Completed
ORD-20240378,2024-12-04,Siddharth Kaplan,Home Office,South,Clothing,Formal Blazer,180.0,1,0.05,UPI / Bank Transfer,Cancelled
ORD-20240379,2024-11-27,Priya Patel,Consumer,Central,Electronics,USB-C Dock,75.5,3,0.2,Debit Card,Returned
ORD-20240380,2024-06-05,Liam Wilson,Consumer,West,Furniture,Standing Desk,450.0,1,0.05,PayPal,Completed
ORD-20240381,2024-05-09,Emma Davis,Corporate,North,Clothing,Formal Blazer,180.0,1,0.0,Credit Card,Completed
ORD-20240382,2024-04-11,Sneha Iyer,Consumer,East,Office Supplies,Binder Clips Set,8.5,3,0.0,UPI / Bank Transfer,Returned
ORD-20240383,2024-06-11,Vikram Singh,Home Office,East,Furniture,Leather Sofa,899.0,2,0.1,UPI / Bank Transfer,Pending
ORD-20240384,2024-03-27,Meera Rao,Consumer,West,Clothing,Running Shoes,110.0,1,0.15,UPI / Bank Transfer,Completed
ORD-20240385,2024-06-05,Karan Malhotra,Consumer,Central,Electronics,Smart Watch,199.99,2,0.0,PayPal,Completed
ORD-20240386,2024-01-10,Noah Martinez,Consumer,Central,Electronics,USB-C Dock,75.5,3,0.1,Credit Card,Returned
ORD-20240387,2024-10-03,Noah Martinez,Home Office,West,Clothing,Cotton T-Shirt,25.0,2,0.15,UPI / Bank Transfer,Completed
ORD-20240388,2024-02-16,Ava Anderson,Home Office,South,Home Appliances,Air Fryer,99.99,2,0.2,PayPal,Pending
ORD-20240389,2024-03-22,Priya Patel,Consumer,West,Home Appliances,Espresso Machine,299.99,1,0.0,Debit Card,Completed
ORD-20240390,2024-04-29,Ethan Brown,Consumer,East,Clothing,Formal Blazer,180.0,1,0.1,Credit Card,Cancelled
ORD-20240391,2024-09-23,Neha Reddy,Corporate,Central,Furniture,Bookshelf,120.0,2,0.2,Debit Card,Completed
ORD-20240392,2024-02-09,Meera Rao,Corporate,Central,Office Supplies,Gel Pens Set,12.99,2,0.0,Debit Card,Returned
ORD-20240393,2024-03-12,Rahul Joshi,Consumer,Central,Clothing,Denim Jacket,65.0,2,0.1,PayPal,Completed
ORD-20240394,2024-03-01,Olivia Taylor,Corporate,North,Office Supplies,Binder Clips Set,8.5,2,0.05,PayPal,Returned
ORD-20240395,2024-07-29,Vikram Singh,Home Office,,Electronics,Smart Watch,199.99,1,0.05,Credit Card,Returned
ORD-20240396,2024-05-12,Aarav Sharma,Home Office,Central,Home Appliances,Blender Pro,79.99,4,0.05,UPI / Bank Transfer,Completed
ORD-20240397,2024-08-29,Noah Martinez,Consumer,West,Clothing,Running Shoes,110.0,4,0.1,UPI / Bank Transfer,Completed
ORD-20240398,2024-11-01,Aarav Sharma,Consumer,West,Clothing,Winter Parka,150.0,3,0.05,Debit Card,Pending
ORD-20240399,2024-03-31,Emma Davis,Home Office,North,Home Appliances,Electric Kettle,39.99,2,0.15,Credit Card,Completed
ORD-20240400,2024-11-04,Priya Patel,Home Office,Central,Electronics,4K Monitor,320.0,3,0.15,Debit Card,Completed
ORD-20240401,2024-07-14,Olivia Taylor,Consumer,West,Home Appliances,Air Fryer,99.99,2,0.2,Credit Card,Completed
ORD-20240402,2024-07-28,Liam Wilson,Consumer,,Electronics,Wireless Headphones,89.99,1,0.05,Debit Card,Cancelled
ORD-20240403,2024-06-10,Karan Malhotra,Corporate,West,Electronics,Smart Watch,199.99,2,0.1,Debit Card,Returned
ORD-20240404,2024-12-14,Olivia Taylor,Consumer,Central,Clothing,Winter Parka,150.0,3,0.2,UPI / Bank Transfer,Returned
ORD-20240405,2024-06-06,Ethan Brown,Home Office,,Office Supplies,Gel Pens Set,12.99,2,0.05,PayPal,Completed
ORD-20240406,2024-06-22,Aarav Sharma,Consumer,South,Home Appliances,Air Fryer,99.99,3,0.2,PayPal,Completed
ORD-20240407,2024-02-02,Siddharth Kaplan,Corporate,  central ,Furniture,Ergonomic Chair,249.99,1,0.2,UPI / Bank Transfer,Cancelled
ORD-20240408,2024-03-30,Liam Wilson,Corporate,South,Office Supplies,Paper Reams (5-pack),22.5,2,0.2,PayPal,Completed
ORD-20240409,2024-12-23,Aarav Sharma,Consumer,East,Clothing,Denim Jacket,65.0,2,0.15,Credit Card,Completed
ORD-20240410,2024-07-21,Rohan Gupta,Consumer,North,Clothing,Formal Blazer,180.0,2,0.2,UPI / Bank Transfer,Cancelled
ORD-20240411,2024-06-27,Ethan Brown,Corporate,Central,Furniture,Standing Desk,450.0,1,0.05,Credit Card,Completed
ORD-20240412,2024-02-24,Liam Wilson,Corporate,East,Home Appliances,Robot Vacuum,349.99,2,0.15,UPI / Bank Transfer,Cancelled
ORD-20240413,2024-10-15,Noah Martinez,Consumer,West,Clothing,Cotton T-Shirt,25.0,2,0.1,Debit Card,Completed
ORD-20240414,2024-11-20,Meera Rao,Home Office,East,Clothing,Running Shoes,110.0,4,0.1,Credit Card,Cancelled
ORD-20240415,2024-02-17,Olivia Taylor,Corporate,Central,Furniture,Ergonomic Chair,249.99,2,0.2,UPI / Bank Transfer,Completed
ORD-20240416,2024-12-15,Sneha Iyer,Corporate,South,Clothing,Winter Parka,150.0,5,0.05,PayPal,Completed
ORD-20240417,2024-11-12,Olivia Taylor,Home Office,North,Electronics,Wireless Headphones,89.99,3,0.2,Credit Card,Pending
ORD-20240418,2024-09-03,Olivia Taylor,Consumer,Central,Furniture,Desk Lamp,35.0,2,0.05,UPI / Bank Transfer,Completed
ORD-20240419,2024-03-06,Meera Rao,Corporate,  central ,Office Supplies,Planner Notebook,18.0,1,,PayPal,Completed
ORD-20240420,2024-08-23,Ananya Verma,Corporate,South,Electronics,Wireless Headphones,89.99,1,0.1,UPI / Bank Transfer,Returned
ORD-20240421,2024-05-14,Olivia Taylor,Corporate,East,Office Supplies,Stapler Heavy Duty,24.0,1,0.1,PayPal,Completed
ORD-20240422,2024-07-24,Sneha Iyer,Consumer,South,Clothing,Formal Blazer,180.0,1,0.05,UPI / Bank Transfer,Pending
ORD-20240423,2024-07-14,Olivia Taylor,Consumer,North,Clothing,Winter Parka,150.0,1,0.15,UPI / Bank Transfer,Pending
ORD-20240424,2024-10-14,Priya Patel,Consumer,North,Electronics,4K Monitor,320.0,4,0.0,UPI / Bank Transfer,Completed
ORD-20240425,2024-06-20,Karan Malhotra,Corporate,Central,Furniture,Leather Sofa,899.0,1,0.0,Credit Card,Completed
ORD-20240426,2024-12-13,Emma Davis,Consumer,Central,Clothing,Formal Blazer,180.0,5,0.1,UPI / Bank Transfer,Completed
ORD-20240427,2024-09-06,Ethan Brown,Home Office,West,Office Supplies,Paper Reams (5-pack),22.5,3,0.05,PayPal,Pending
ORD-20240428,2024-06-21,Rohan Gupta,Consumer,West,Home Appliances,Electric Kettle,39.99,2,0.05,PayPal,Completed
ORD-20240429,2024-11-30,,Corporate,,Furniture,Leather Sofa,899.0,2,0.05,Debit Card,Completed
ORD-20240430,2024-01-12,Siddharth Kaplan,Consumer,North,Clothing,Cotton T-Shirt,25.0,1,0.15,Credit Card,Completed
ORD-20240431,2024-01-14,Vikram Singh,Consumer,North,Home Appliances,Air Fryer,99.99,3,0.05,Debit Card,Completed
ORD-20240432,2024-05-25,Aarav Sharma,Consumer,Central,Clothing,Running Shoes,110.0,2,0.1,UPI / Bank Transfer,Pending
ORD-20240433,2024-08-27,Emma Davis,Consumer,Central,Home Appliances,Robot Vacuum,349.99,5,0.2,Debit Card,Cancelled
ORD-20240434,2024-11-23,Rohan Gupta,Corporate,West,Furniture,Bookshelf,120.0,4,0.15,UPI / Bank Transfer,Completed
ORD-20240435,2024-06-04,Emma Davis,Consumer,East,Home Appliances,Espresso Machine,299.99,1,0.15,Debit Card,Pending
ORD-20240436,2024-08-08,Rahul Joshi,Corporate,North,Home Appliances,Espresso Machine,299.99,3,0.05,Debit Card,Completed
ORD-20240437,2024-11-26,Sneha Iyer,Home Office,East,Office Supplies,Gel Pens Set,12.99,3,0.2,UPI / Bank Transfer,Completed
ORD-20240438,2024-07-30,Ethan Brown,Home Office,South,Electronics,Smart Watch,199.99,1,0.2,Debit Card,Completed
ORD-20240439,2024-06-13,Ananya Verma,Corporate,North,Electronics,USB-C Dock,75.5,1,0.15,UPI / Bank Transfer,Completed
ORD-20240440,2024-04-29,,Corporate,South,Electronics,4K Monitor,320.0,1,0.0,UPI / Bank Transfer,Completed
ORD-20240441,2024-03-15,Rahul Joshi,Corporate,Central,Office Supplies,Paper Reams (5-pack),22.5,1,0.0,Debit Card,Pending
ORD-20240442,2024-12-31,Ananya Verma,Home Office,North,Office Supplies,Gel Pens Set,12.99,2,0.15,PayPal,Completed
ORD-20240443,2024-06-08,Karan Malhotra,Corporate,Central,Clothing,Denim Jacket,65.0,4,0.1,UPI / Bank Transfer,Completed
ORD-20240444,12/07/2024,Neha Reddy,Corporate,West,Electronics,Smart Watch,,2,0.05,Credit Card,Completed
ORD-20240445,2024-01-22,Rohan Gupta,Consumer,South,Office Supplies,Stapler Heavy Duty,24.0,2,0.0,PayPal,Completed
ORD-20240446,2024-06-22,Emma Davis,Consumer,East,Electronics,Wireless Headphones,89.99,4,0.05,PayPal,Completed
ORD-20240447,2024-10-12,Siddharth Kaplan,Corporate,  south ,Furniture,Desk Lamp,35.0,3,0.0,PayPal,Completed
ORD-20240448,2024-08-12,,Corporate,South,Home Appliances,Blender Pro,79.99,2,0.15,UPI / Bank Transfer,Cancelled
ORD-20240449,2024-11-02,Ethan Brown,Corporate,North,Home Appliances,Espresso Machine,299.99,5,0.1,UPI / Bank Transfer,Returned
ORD-20240450,2024-11-22,Ava Anderson,Consumer,Central,Clothing,Denim Jacket,65.0,3,0.0,UPI / Bank Transfer,Cancelled
ORD-20240451,2024-10-02,Vikram Singh,Home Office,West,Clothing,Formal Blazer,180.0,3,0.15,UPI / Bank Transfer,Completed
ORD-20240452,2024-02-26,Priya Patel,Consumer,South,Electronics,Wireless Headphones,89.99,1,0.05,Credit Card,Completed
ORD-20240453,2024-10-19,,Corporate,Central,Office Supplies,Planner Notebook,18.0,2,0.05,Credit Card,Completed
ORD-20240454,2024-02-06,Priya Patel,Corporate,North,Clothing,Winter Parka,150.0,1,0.1,Debit Card,Pending
ORD-20240455,2024-01-30,Pooja Nair,Consumer,North,Furniture,Leather Sofa,899.0,3,0.0,PayPal,Returned
ORD-20240456,2024-04-28,Noah Martinez,Home Office,Central,Clothing,Running Shoes,110.0,2,0.2,PayPal,Returned
ORD-20240457,2024-02-24,Sophia Miller,Consumer,West,Home Appliances,Robot Vacuum,349.99,3,0.05,PayPal,Pending
ORD-20240458,2024-09-15,Meera Rao,Corporate,Central,Clothing,Formal Blazer,180.0,1,0.1,UPI / Bank Transfer,Pending
ORD-20240459,2024-11-20,Rahul Joshi,Corporate,South,Furniture,Leather Sofa,899.0,3,0.15,UPI / Bank Transfer,Completed
ORD-20240460,2024-07-22,Vikram Singh,Corporate,  central ,Electronics,Bluetooth Speaker,49.99,1,0.05,Credit Card,Completed
ORD-20240461,2024-06-10,Noah Martinez,Consumer,Central,Furniture,Leather Sofa,899.0,1,0.15,Credit Card,Completed
ORD-20240462,2024-03-11,Pooja Nair,Consumer,South,Home Appliances,Espresso Machine,299.99,1,0.05,Debit Card,Returned
ORD-20240463,2024-06-15,Ananya Verma,Home Office,Central,Clothing,Winter Parka,150.0,3,,UPI / Bank Transfer,Completed
ORD-20240464,2024-01-29,Ananya Verma,Consumer,West,Furniture,Bookshelf,120.0,4,0.15,Credit Card,Cancelled
ORD-20240465,2024-09-25,Sneha Iyer,Consumer,South,Home Appliances,Electric Kettle,39.99,1,0.15,Credit Card,Cancelled
ORD-20240466,2024-10-31,Siddharth Kaplan,Consumer,West,Electronics,Smart Watch,199.99,2,0.0,PayPal,Completed
ORD-20240467,2024-01-26,Vikram Singh,Consumer,West,Furniture,Ergonomic Chair,249.99,2,0.05,Debit Card,Returned
ORD-20240468,2024-11-29,Rohan Gupta,Corporate,Central,Home Appliances,Electric Kettle,39.99,3,0.2,Debit Card,Completed
ORD-20240469,2024-12-09,Ava Anderson,Home Office,South,Furniture,Bookshelf,120.0,3,0.1,Credit Card,Pending
ORD-20240470,2024-06-28,Sneha Iyer,Consumer,South,Office Supplies,Stapler Heavy Duty,,2,0.0,UPI / Bank Transfer,Completed
ORD-20240471,2024-01-28,Ananya Verma,Corporate,  east ,Home Appliances,Espresso Machine,299.99,1,0.0,Debit Card,Completed
ORD-20240472,2024-10-02,Ava Anderson,Home Office,East,Home Appliances,Electric Kettle,39.99,1,0.0,PayPal,Cancelled
ORD-20240473,2024-12-05,Ava Anderson,Corporate,North,Furniture,Standing Desk,450.0,3,0.0,Credit Card,Completed
ORD-20240474,2024-12-04,Siddharth Kaplan,Consumer,North,Furniture,Ergonomic Chair,249.99,2,0.0,Debit Card,Returned
ORD-20240475,2024-09-05,Ethan Brown,Home Office,South,Home Appliances,Air Fryer,99.99,4,0.05,Credit Card,Completed
ORD-20240476,2024-06-05,Meera Rao,Corporate,North,Office Supplies,Gel Pens Set,12.99,1,0.2,UPI / Bank Transfer,Completed
ORD-20240477,2024-02-01,Sneha Iyer,Consumer,Central,Office Supplies,Paper Reams (5-pack),22.5,2,0.05,UPI / Bank Transfer,Completed
ORD-20240478,2024-07-14,Vikram Singh,Corporate,West,Home Appliances,Espresso Machine,299.99,2,0.1,UPI / Bank Transfer,Returned
ORD-20240479,2024-03-08,Rahul Joshi,Consumer,Central,Clothing,Formal Blazer,180.0,1,0.2,UPI / Bank Transfer,Cancelled
ORD-20240480,2024-08-08,Emma Davis,Home Office,,Clothing,Formal Blazer,180.0,5,0.1,Credit Card,Completed
ORD-20240481,2024-03-15,Karan Malhotra,Consumer,West,Furniture,Desk Lamp,35.0,3,0.05,PayPal,Completed
ORD-20240482,2024-11-09,Sneha Iyer,Consumer,Central,Home Appliances,Electric Kettle,39.99,4,0.0,Credit Card,Completed
ORD-20240483,2024-09-01,Siddharth Kaplan,Corporate,East,Home Appliances,Blender Pro,79.99,1,0.05,Debit Card,Completed
ORD-20240484,2024-01-17,Rahul Joshi,Consumer,West,Electronics,Bluetooth Speaker,49.99,2,0.15,Credit Card,Completed
ORD-20240485,2024-09-07,,Home Office,West,Office Supplies,Gel Pens Set,12.99,2,0.1,Debit Card,Cancelled
ORD-20240486,2024-10-19,Ethan Brown,Consumer,Central,Home Appliances,Air Fryer,99.99,2,0.2,PayPal,Returned
ORD-20240487,2024-01-21,Siddharth Kaplan,Corporate,South,Home Appliances,Air Fryer,99.99,2,0.05,UPI / Bank Transfer,Completed
ORD-20240488,2024-11-09,Ethan Brown,Consumer,West,Home Appliances,Espresso Machine,299.99,5,0.2,Credit Card,Completed
ORD-20240489,2024-12-22,Neha Reddy,Corporate,East,Office Supplies,Planner Notebook,18.0,3,0.0,PayPal,Completed
ORD-20240490,2024-12-20,Ethan Brown,Home Office,North,Clothing,Denim Jacket,65.0,4,0.2,UPI / Bank Transfer,Completed
ORD-20240491,2024-09-18,Neha Reddy,Corporate,Central,Clothing,Winter Parka,150.0,2,0.05,PayPal,Completed
ORD-20240492,2024-12-30,Neha Reddy,Consumer,West,Furniture,Bookshelf,120.0,1,0.0,PayPal,Completed
ORD-20240493,2024-05-09,Ava Anderson,Corporate,Central,Office Supplies,Planner Notebook,18.0,1,0.2,PayPal,Completed
ORD-20240494,2024-08-20,,Corporate,  central ,Electronics,USB-C Dock,75.5,2,0.05,PayPal,Completed
ORD-20240495,2024-11-30,Pooja Nair,Corporate,Central,Clothing,Denim Jacket,65.0,3,0.0,Credit Card,Completed
ORD-20240496,2024-04-01,Emma Davis,Consumer,Central,Furniture,Leather Sofa,899.0,1,0.2,Debit Card,Cancelled
ORD-20240497,2024-01-19,Rohan Gupta,Corporate,East,Furniture,Bookshelf,120.0,1,0.15,Credit Card,Completed
ORD-20240498,2024-12-21,Rahul Joshi,Home Office,West,Furniture,Leather Sofa,899.0,5,0.2,Credit Card,Completed
ORD-20240499,2024-11-18,Pooja Nair,Corporate,Central,Electronics,4K Monitor,320.0,3,0.2,UPI / Bank Transfer,Completed
ORD-20240500,2024-11-15,Olivia Taylor,Corporate,Central,Clothing,Formal Blazer,180.0,3,0.05,PayPal,Returned
ORD-20240501,2024-04-09,Rahul Joshi,Home Office,North,Electronics,4K Monitor,320.0,1,0.0,Debit Card,Completed
ORD-20240502,2024-10-13,Karan Malhotra,Consumer,South,Clothing,Denim Jacket,65.0,3,0.2,UPI / Bank Transfer,Completed
ORD-20240503,2024-01-04,Ava Anderson,Consumer,West,Furniture,Bookshelf,120.0,1,0.1,PayPal,Completed
ORD-20240504,2024-12-10,Ethan Brown,Home Office,South,Office Supplies,Paper Reams (5-pack),22.5,3,0.15,UPI / Bank Transfer,Completed
ORD-20240505,2024-01-29,Aarav Sharma,Consumer,East,Furniture,Leather Sofa,899.0,3,0.1,UPI / Bank Transfer,Pending
ORD-20240506,2024-03-17,Neha Reddy,Home Office,West,Electronics,Bluetooth Speaker,49.99,1,0.2,Debit Card,Completed
ORD-20240507,2024-06-06,Olivia Taylor,Consumer,East,Furniture,Ergonomic Chair,249.99,3,0.1,UPI / Bank Transfer,Completed
ORD-20240508,2024-06-03,Ethan Brown,Home Office,South,Furniture,Ergonomic Chair,249.99,1,0.15,Credit Card,Pending
ORD-20240509,2024-03-19,Vikram Singh,Consumer,East,Office Supplies,Stapler Heavy Duty,24.0,1,0.0,PayPal,Completed
ORD-20240510,2024-12-31,Ava Anderson,Consumer,East,Electronics,Wireless Headphones,89.99,5,0.0,UPI / Bank Transfer,Completed
ORD-20240511,2024-12-03,Rahul Joshi,Corporate,East,Electronics,USB-C Dock,75.5,4,0.1,PayPal,Completed
ORD-20240512,2024-06-12,Ananya Verma,Consumer,South,Electronics,Bluetooth Speaker,49.99,3,0.2,Credit Card,Completed
ORD-20240513,2024-06-12,,Home Office,South,Furniture,Leather Sofa,899.0,1,0.15,UPI / Bank Transfer,Returned
ORD-20240514,2024-01-15,Sophia Miller,Corporate,West,Electronics,Wireless Headphones,89.99,2,0.2,PayPal,Cancelled
ORD-20240515,2024-11-18,Rahul Joshi,Home Office,East,Office Supplies,Stapler Heavy Duty,24.0,4,0.15,Credit Card,Pending
ORD-20240516,2024-02-17,Ethan Brown,Corporate,West,Office Supplies,Paper Reams (5-pack),22.5,3,0.05,PayPal,Completed
ORD-20240517,2024-11-11,Amit Choudhury,Corporate,South,Furniture,Desk Lamp,35.0,2,0.0,Debit Card,Completed
ORD-20240518,2024-02-27,Ava Anderson,Home Office,East,Office Supplies,Gel Pens Set,12.99,2,0.0,PayPal,Returned
ORD-20240519,2024-12-31,Emma Davis,Corporate,North,Furniture,Leather Sofa,899.0,4,0.15,Debit Card,Returned
ORD-20240520,2024-05-04,Noah Martinez,Corporate,North,Office Supplies,Planner Notebook,18.0,2,0.1,Debit Card,Returned
ORD-20240521,2024-04-30,Ava Anderson,Corporate,West,Electronics,USB-C Dock,75.5,1,0.0,UPI / Bank Transfer,Returned
ORD-20240522,2024-03-31,Ava Anderson,Corporate,Central,Office Supplies,Paper Reams (5-pack),22.5,1,0.0,UPI / Bank Transfer,Completed
ORD-20240523,2024-03-12,Pooja Nair,Corporate,South,Electronics,Smart Watch,199.99,4,0.05,Debit Card,Completed
ORD-20240524,2024-06-11,Noah Martinez,Consumer,East,Furniture,Desk Lamp,35.0,1,0.05,Debit Card,Pending
ORD-20240525,2024-02-01,Meera Rao,Consumer,North,Home Appliances,Air Fryer,99.99,2,0.0,UPI / Bank Transfer,Pending
ORD-20240526,2024-12-25,,Consumer,West,Furniture,Desk Lamp,35.0,3,0.05,PayPal,Completed
ORD-20240527,2024-07-15,Vikram Singh,Consumer,South,Furniture,Desk Lamp,35.0,3,0.0,Credit Card,Completed
ORD-20240528,2024-09-06,Sophia Miller,Corporate,South,Clothing,Denim Jacket,65.0,2,0.05,Debit Card,Returned
ORD-20240529,2024-08-05,Sophia Miller,Home Office,East,Office Supplies,Planner Notebook,18.0,2,0.15,Credit Card,Returned
ORD-20240530,2024-05-01,Priya Patel,Consumer,Central,Furniture,Desk Lamp,35.0,3,0.1,Debit Card,Cancelled
ORD-20240531,2024-09-03,Karan Malhotra,Corporate,Central,Electronics,Smart Watch,199.99,5,0.2,Credit Card,Returned
ORD-20240532,2024-08-29,Priya Patel,Corporate,Central,Electronics,USB-C Dock,75.5,2,0.15,Credit Card,Completed
ORD-20240533,2024-08-28,Pooja Nair,Corporate,East,Furniture,Desk Lamp,35.0,2,0.2,PayPal,Completed
ORD-20240534,2024-10-15,Pooja Nair,Home Office,South,Office Supplies,Stapler Heavy Duty,24.0,1,0.15,Credit Card,Completed
ORD-20240535,2024-09-15,Karan Malhotra,Corporate,South,Furniture,Bookshelf,120.0,1,0.0,Credit Card,Cancelled
ORD-20240536,2024-10-29,Sneha Iyer,Corporate,South,Office Supplies,Binder Clips Set,8.5,3,0.2,PayPal,Pending
ORD-20240537,2024-06-24,Sophia Miller,Corporate,South,Clothing,Formal Blazer,180.0,5,0.15,PayPal,Cancelled
ORD-20240538,2024-03-26,Ananya Verma,Consumer,East,Furniture,Ergonomic Chair,249.99,1,0.15,PayPal,Completed
ORD-20240539,2024-08-31,Siddharth Kaplan,Corporate,West,Home Appliances,Espresso Machine,299.99,3,0.2,UPI / Bank Transfer,Completed
ORD-20240540,2024-01-07,Priya Patel,Consumer,East,Office Supplies,Planner Notebook,18.0,1,0.15,UPI / Bank Transfer,Pending
ORD-20240541,2024-11-29,Karan Malhotra,Home Office,East,Furniture,Bookshelf,120.0,5,0.05,Debit Card,Completed
ORD-20240542,10/28/2024,Aarav Sharma,Home Office,South,Home Appliances,Robot Vacuum,349.99,3,0.0,Credit Card,Pending
ORD-20240543,2024-02-20,Karan Malhotra,Consumer,South,Office Supplies,Binder Clips Set,8.5,2,0.2,Credit Card,Completed
ORD-20240544,2024-10-31,Ananya Verma,Consumer,North,Clothing,Formal Blazer,180.0,2,0.2,PayPal,Completed
ORD-20240545,2024-04-04,Rohan Gupta,Home Office,East,Clothing,Cotton T-Shirt,25.0,4,0.15,Debit Card,Completed
ORD-20240546,2024-12-07,Karan Malhotra,Consumer,South,Furniture,Bookshelf,120.0,4,0.1,Debit Card,Completed
ORD-20240547,2024-05-12,Rahul Joshi,Home Office,West,Furniture,Standing Desk,450.0,5,0.15,Debit Card,Completed
ORD-20240548,2024-10-03,Karan Malhotra,Consumer,North,Clothing,Formal Blazer,180.0,3,0.0,Credit Card,Completed
ORD-20240549,2024-05-08,Aarav Sharma,Consumer,South,Electronics,4K Monitor,320.0,3,0.05,Debit Card,Completed
ORD-20240550,2024-07-19,Rohan Gupta,Home Office,West,Home Appliances,Blender Pro,79.99,2,0.15,PayPal,Completed
ORD-20240551,2024-09-03,Siddharth Kaplan,Consumer,East,Home Appliances,Robot Vacuum,349.99,1,0.2,Credit Card,Completed
ORD-20240552,2024-06-23,Priya Patel,Corporate,South,Office Supplies,Binder Clips Set,8.5,1,0.15,PayPal,Completed
ORD-20240553,2024-11-18,Vikram Singh,Consumer,West,Office Supplies,Paper Reams (5-pack),22.5,4,0.2,PayPal,Completed
ORD-20240554,2024-07-18,Ethan Brown,Consumer,West,Home Appliances,Robot Vacuum,349.99,1,0.0,Credit Card,Completed
ORD-20240555,2024-01-22,Emma Davis,Consumer,West,Clothing,Formal Blazer,180.0,2,0.0,PayPal,Completed
ORD-20240556,2024-09-07,Vikram Singh,Consumer,North,Office Supplies,Stapler Heavy Duty,24.0,2,0.0,PayPal,Cancelled
ORD-20240557,2024-02-19,Ananya Verma,Consumer,North,Clothing,Formal Blazer,180.0,2,0.2,Debit Card,Returned
ORD-20240558,2024-04-13,Noah Martinez,Home Office,North,Office Supplies,Binder Clips Set,8.5,2,0.05,PayPal,Completed
ORD-20240559,2024-10-30,Sophia Miller,Consumer,East,Electronics,Wireless Headphones,89.99,1,0.05,UPI / Bank Transfer,Returned
ORD-20240560,2024-10-24,Aarav Sharma,Corporate,West,Electronics,USB-C Dock,75.5,1,0.0,Credit Card,Completed
ORD-20240561,2024-02-15,Olivia Taylor,Home Office,West,Home Appliances,Robot Vacuum,349.99,3,0.05,PayPal,Completed
ORD-20240562,2024-09-24,Ava Anderson,Consumer,Central,Clothing,Running Shoes,110.0,2,0.0,Debit Card,Returned
ORD-20240563,2024-06-03,Liam Wilson,Consumer,South,Electronics,USB-C Dock,75.5,1,0.2,UPI / Bank Transfer,Pending
ORD-20240564,2024-08-25,Vikram Singh,Home Office,,Clothing,Cotton T-Shirt,25.0,3,0.05,Debit Card,Completed
ORD-20240565,2024-01-23,Amit Choudhury,Home Office,South,Furniture,Bookshelf,120.0,1,0.0,Debit Card,Completed
ORD-20240566,2024-10-02,Sneha Iyer,Home Office,Central,Electronics,4K Monitor,320.0,1,0.2,Debit Card,Returned
ORD-20240567,2024-04-11,Ananya Verma,Consumer,North,Furniture,Standing Desk,450.0,3,0.05,Debit Card,Pending
ORD-20240568,2024-04-22,Vikram Singh,Consumer,North,Home Appliances,Blender Pro,,1,0.15,Debit Card,Completed
ORD-20240569,2024-08-22,Priya Patel,Home Office,South,Furniture,Bookshelf,,3,0.05,Credit Card,Completed
ORD-20240570,2024-08-26,Ava Anderson,Consumer,South,Clothing,Cotton T-Shirt,25.0,2,0.2,PayPal,Returned
ORD-20240571,2024-02-14,Ethan Brown,Corporate,South,Home Appliances,Blender Pro,79.99,2,0.15,Credit Card,Cancelled
ORD-20240572,2024-05-06,Noah Martinez,Consumer,South,Office Supplies,Stapler Heavy Duty,24.0,1,0.0,Credit Card,Completed
ORD-20240573,2024-08-28,Olivia Taylor,Home Office,West,Home Appliances,Air Fryer,99.99,3,0.15,Credit Card,Completed
ORD-20240574,2024-10-12,Sneha Iyer,Home Office,South,Office Supplies,Gel Pens Set,12.99,3,0.15,Credit Card,Completed
ORD-20240575,2024-03-23,,Consumer,North,Home Appliances,Electric Kettle,39.99,3,0.1,Debit Card,Completed
ORD-20240576,2024-12-26,Pooja Nair,Corporate,East,Electronics,4K Monitor,320.0,4,0.2,UPI / Bank Transfer,Cancelled
ORD-20240577,2024-04-16,Priya Patel,Home Office,East,Electronics,USB-C Dock,75.5,3,0.0,UPI / Bank Transfer,Completed
ORD-20240578,2024-08-26,Rohan Gupta,Home Office,South,Furniture,Bookshelf,120.0,2,0.1,PayPal,Completed
ORD-20240579,2024-02-28,Karan Malhotra,Home Office,South,Home Appliances,Espresso Machine,299.99,2,0.0,Debit Card,Completed
ORD-20240580,2024-06-25,Emma Davis,Home Office,North,Home Appliances,Electric Kettle,39.99,2,0.2,UPI / Bank Transfer,Completed
ORD-20240581,2024-12-10,Siddharth Kaplan,Consumer,West,Electronics,Smart Watch,199.99,5,0.0,UPI / Bank Transfer,Completed
ORD-20240582,2024-02-27,Aarav Sharma,Corporate,South,Office Supplies,Gel Pens Set,12.99,2,0.2,Debit Card,Cancelled
ORD-20240583,2024-08-30,Aarav Sharma,Consumer,East,Office Supplies,Paper Reams (5-pack),22.5,1,0.2,UPI / Bank Transfer,Completed
ORD-20240584,2024-11-26,Ethan Brown,Corporate,Central,Office Supplies,Stapler Heavy Duty,24.0,4,0.05,UPI / Bank Transfer,Returned
ORD-20240585,2024-06-05,Pooja Nair,Consumer,West,Furniture,Standing Desk,450.0,1,0.1,PayPal,Completed
ORD-20240586,2024-03-26,Neha Reddy,Home Office,East,Clothing,Formal Blazer,180.0,2,0.05,PayPal,Completed
ORD-20240587,2024-06-11,Emma Davis,Home Office,East,Office Supplies,Binder Clips Set,8.5,2,0.1,Credit Card,Cancelled
ORD-20240588,2024-03-16,Aarav Sharma,Corporate,Central,Home Appliances,Espresso Machine,299.99,2,0.05,Debit Card,Pending
ORD-20240589,2024-06-12,Pooja Nair,Corporate,East,Home Appliances,Electric Kettle,39.99,1,0.2,UPI / Bank Transfer,Pending
ORD-20240590,2024-10-16,Priya Patel,Consumer,North,Office Supplies,Binder Clips Set,8.5,3,0.0,Credit Card,Completed
ORD-20240591,2024-04-22,Rahul Joshi,Home Office,North,Electronics,Bluetooth Speaker,49.99,2,0.1,PayPal,Pending
ORD-20240592,2024-02-12,Olivia Taylor,Corporate,Central,Office Supplies,Paper Reams (5-pack),22.5,2,0.1,Credit Card,Cancelled
ORD-20240593,2024-08-06,Pooja Nair,Corporate,East,Furniture,Ergonomic Chair,249.99,2,0.15,Credit Card,Completed
ORD-20240594,2024-07-31,Sophia Miller,Consumer,West,Furniture,Standing Desk,450.0,3,0.05,Credit Card,Completed
ORD-20240595,2024-09-25,Sophia Miller,Home Office,West,Electronics,USB-C Dock,75.5,5,0.05,UPI / Bank Transfer,Completed
ORD-20240596,2024-12-29,Pooja Nair,Home Office,South,Clothing,Running Shoes,110.0,3,0.1,Debit Card,Completed
ORD-20240597,2024-06-04,Vikram Singh,Corporate,North,Office Supplies,Gel Pens Set,12.99,2,0.15,UPI / Bank Transfer,Cancelled
ORD-20240598,2024-12-06,Sneha Iyer,Consumer,West,Office Supplies,Gel Pens Set,12.99,5,0.1,Credit Card,Pending
ORD-20240599,2024-02-04,Karan Malhotra,Home Office,West,Furniture,Leather Sofa,899.0,2,0.0,Debit Card,Cancelled
ORD-20240600,2024-10-21,Amit Choudhury,Corporate,Central,Furniture,Standing Desk,450.0,1,0.05,PayPal,Completed
ORD-20240601,2024-07-03,Rohan Gupta,Home Office,East,Furniture,Ergonomic Chair,249.99,2,0.05,PayPal,Pending
ORD-20240602,2024-11-02,Pooja Nair,Corporate,East,Home Appliances,Robot Vacuum,349.99,4,0.2,UPI / Bank Transfer,Completed
ORD-20240603,2024-03-14,Sophia Miller,Corporate,East,Home Appliances,Robot Vacuum,349.99,1,0.05,PayPal,Completed
ORD-20240604,2024-04-23,Emma Davis,Home Office,Central,Home Appliances,Electric Kettle,39.99,3,0.15,Credit Card,Completed
ORD-20240605,2024-02-29,Meera Rao,Consumer,,Electronics,4K Monitor,320.0,3,0.2,Debit Card,Returned
ORD-20240606,2024-06-24,Vikram Singh,Home Office,North,Furniture,Ergonomic Chair,249.99,1,0.05,PayPal,Completed
ORD-20240607,2024-02-10,Sophia Miller,Consumer,North,Electronics,Wireless Headphones,89.99,2,0.0,PayPal,Completed
ORD-20240608,2024-09-19,Pooja Nair,Home Office,  east ,Office Supplies,Paper Reams (5-pack),22.5,2,0.0,Credit Card,Pending
ORD-20240609,2024-11-04,Vikram Singh,Home Office,  east ,Clothing,Running Shoes,110.0,2,0.1,UPI / Bank Transfer,Returned
ORD-20240610,2024-09-13,Ananya Verma,Home Office,Central,Home Appliances,Espresso Machine,299.99,3,0.05,Credit Card,Returned
ORD-20240611,2024-05-24,Liam Wilson,Home Office,North,Home Appliances,Air Fryer,99.99,1,0.2,Debit Card,Completed
ORD-20240612,2024-12-10,Liam Wilson,Consumer,West,Clothing,Cotton T-Shirt,25.0,5,0.1,Debit Card,Completed
ORD-20240613,2024-02-26,Priya Patel,Consumer,East,Office Supplies,Binder Clips Set,8.5,2,0.0,UPI / Bank Transfer,Completed
ORD-20240614,2024-08-21,Pooja Nair,Corporate,South,Furniture,Desk Lamp,35.0,2,,PayPal,Pending
ORD-20240615,2024-08-31,Olivia Taylor,Home Office,North,Furniture,Standing Desk,450.0,4,0.15,Credit Card,Completed
ORD-20240616,2024-12-12,Ananya Verma,Home Office,West,Clothing,Winter Parka,150.0,1,0.1,PayPal,Completed
ORD-20240617,2024-06-22,Olivia Taylor,Corporate,South,Office Supplies,Paper Reams (5-pack),22.5,1,0.15,UPI / Bank Transfer,Pending
ORD-20240618,2024-12-07,Ethan Brown,Consumer,Central,Office Supplies,Planner Notebook,18.0,4,0.15,Credit Card,Completed
ORD-20240619,2024-11-17,Olivia Taylor,Home Office,North,Electronics,Wireless Headphones,89.99,5,0.15,Credit Card,Completed
ORD-20240620,2024-06-16,Liam Wilson,Corporate,North,Home Appliances,Electric Kettle,39.99,1,0.1,Debit Card,Completed
ORD-20240621,2024-09-08,Priya Patel,Corporate,Central,Home Appliances,Robot Vacuum,349.99,2,0.15,Credit Card,Completed
ORD-20240622,2024-07-11,Pooja Nair,Home Office,South,Electronics,Wireless Headphones,89.99,2,0.15,PayPal,Completed
ORD-20240623,2024-07-18,Emma Davis,Home Office,West,Electronics,USB-C Dock,75.5,2,0.2,Debit Card,Completed
ORD-20240624,2024-09-16,Ava Anderson,Home Office,Central,Furniture,Desk Lamp,35.0,1,0.1,UPI / Bank Transfer,Pending
ORD-20240625,2024-01-15,Noah Martinez,Consumer,East,Clothing,Cotton T-Shirt,25.0,2,0.0,UPI / Bank Transfer,Completed
ORD-20240626,2024-07-01,Pooja Nair,Home Office,South,Electronics,Smart Watch,199.99,2,0.0,Credit Card,Cancelled
ORD-20240627,2024-02-28,Sophia Miller,Home Office,  east ,Electronics,USB-C Dock,75.5,1,0.0,Debit Card,Completed
ORD-20240628,2024-10-28,Noah Martinez,Consumer,Central,Furniture,Desk Lamp,35.0,1,0.05,Debit Card,Completed
ORD-20240629,2024-09-14,Sophia Miller,Consumer,Central,Furniture,Standing Desk,450.0,3,0.0,Debit Card,Cancelled
ORD-20240630,2024-10-01,Siddharth Kaplan,Consumer,East,Furniture,Ergonomic Chair,249.99,1,0.2,Credit Card,Cancelled
ORD-20240631,2024-06-21,Meera Rao,Consumer,West,Home Appliances,Electric Kettle,39.99,1,0.1,UPI / Bank Transfer,Returned
ORD-20240632,2024-10-03,Ethan Brown,Home Office,East,Office Supplies,Planner Notebook,18.0,1,0.2,PayPal,Completed
ORD-20240633,2024-10-22,Sophia Miller,Home Office,Central,Office Supplies,Binder Clips Set,8.5,2,0.05,Credit Card,Returned
ORD-20240634,2024-03-16,Rohan Gupta,Home Office,West,Furniture,Desk Lamp,35.0,1,0.15,PayPal,Pending
ORD-20240635,2024-05-26,Ananya Verma,Consumer,South,Furniture,Leather Sofa,899.0,2,0.05,PayPal,Completed
ORD-20240636,06/07/2024,Priya Patel,Consumer,West,Home Appliances,Blender Pro,79.99,2,0.05,PayPal,Completed
ORD-20240637,2024-05-22,Priya Patel,Consumer,West,Clothing,Denim Jacket,65.0,2,0.1,UPI / Bank Transfer,Returned
ORD-20240638,2024-07-27,Noah Martinez,Home Office,South,Electronics,4K Monitor,320.0,4,0.2,Credit Card,Returned
ORD-20240639,2024-09-25,Amit Choudhury,Corporate,Central,Electronics,Smart Watch,199.99,1,0.05,Debit Card,Pending
ORD-20240640,2024-04-21,Karan Malhotra,Home Office,East,Clothing,Running Shoes,110.0,1,0.2,Credit Card,Completed
ORD-20240641,2024-02-27,Vikram Singh,Corporate,South,Office Supplies,Planner Notebook,18.0,1,0.1,Debit Card,Cancelled
ORD-20240642,2024-01-11,Sneha Iyer,Corporate,North,Home Appliances,Air Fryer,99.99,2,0.1,Debit Card,Completed
ORD-20240643,2024-12-16,Siddharth Kaplan,Corporate,  west ,Clothing,Winter Parka,150.0,2,0.05,UPI / Bank Transfer,Completed
ORD-20240644,2024-03-23,Rohan Gupta,Corporate,North,Furniture,Desk Lamp,35.0,4,0.15,Debit Card,Cancelled
ORD-20240645,2024-06-19,Meera Rao,Corporate,East,Electronics,Smart Watch,199.99,3,0.0,UPI / Bank Transfer,Completed
ORD-20240646,2024-11-24,Pooja Nair,Corporate,North,Office Supplies,Gel Pens Set,12.99,4,0.05,Credit Card,Completed
ORD-20240647,2024-12-31,Amit Choudhury,Corporate,West,Clothing,Formal Blazer,180.0,5,0.05,Debit Card,Pending
ORD-20240648,2024-12-17,Meera Rao,Consumer,South,Furniture,Bookshelf,120.0,3,0.2,Debit Card,Completed
ORD-20240649,2024-01-12,Rahul Joshi,Corporate,North,Home Appliances,Espresso Machine,299.99,4,0.15,PayPal,Completed
ORD-20240650,2024-11-03,Ananya Verma,Consumer,South,Electronics,Bluetooth Speaker,49.99,2,0.15,Debit Card,Pending
ORD-20240651,2024-09-10,Olivia Taylor,Corporate,East,Clothing,Running Shoes,110.0,1,0.05,PayPal,Completed
ORD-20240652,2024-05-24,Vikram Singh,Consumer,South,Clothing,Winter Parka,150.0,3,0.05,UPI / Bank Transfer,Completed
ORD-20240653,2024-05-07,Amit Choudhury,Home Office,North,Office Supplies,Paper Reams (5-pack),22.5,2,0.05,Debit Card,Cancelled
ORD-20240654,2024-12-28,Priya Patel,Consumer,North,Home Appliances,Robot Vacuum,349.99,3,0.15,UPI / Bank Transfer,Completed
ORD-20240655,2024-11-06,Ava Anderson,Corporate,North,Home Appliances,Air Fryer,99.99,5,0.1,UPI / Bank Transfer,Completed
ORD-20240656,2024-10-13,Amit Choudhury,Corporate,South,Clothing,Cotton T-Shirt,25.0,1,0.1,PayPal,Completed
ORD-20240657,2024-08-09,Olivia Taylor,Corporate,North,Electronics,Bluetooth Speaker,49.99,1,0.1,UPI / Bank Transfer,Completed
ORD-20240658,2024-05-14,Neha Reddy,Corporate,East,Furniture,Leather Sofa,899.0,2,0.05,Debit Card,Pending
ORD-20240659,2024-12-02,Sneha Iyer,Consumer,South,Office Supplies,Paper Reams (5-pack),22.5,4,0.1,Credit Card,Completed
ORD-20240660,2024-08-27,Emma Davis,Corporate,West,Office Supplies,Paper Reams (5-pack),22.5,2,0.0,Debit Card,Completed
ORD-20240661,2024-03-16,Neha Reddy,Home Office,East,Electronics,Smart Watch,199.99,1,0.2,UPI / Bank Transfer,Returned
ORD-20240662,2024-01-03,Sneha Iyer,Corporate,West,Home Appliances,Espresso Machine,299.99,2,0.0,Credit Card,Completed
ORD-20240663,2024-12-14,Vikram Singh,Consumer,North,Furniture,Leather Sofa,899.0,2,0.15,Credit Card,Completed
ORD-20240664,2024-05-17,Ethan Brown,Corporate,North,Electronics,Bluetooth Speaker,49.99,2,0.0,PayPal,Completed
ORD-20240665,2024-05-24,Siddharth Kaplan,Consumer,Central,Electronics,Wireless Headphones,89.99,1,0.05,Debit Card,Completed
ORD-20240666,2024-07-23,Pooja Nair,Home Office,West,Clothing,Running Shoes,110.0,1,0.1,PayPal,Completed
ORD-20240667,2024-08-09,Ananya Verma,Corporate,South,Furniture,Leather Sofa,899.0,3,0.15,PayPal,Completed
ORD-20240668,2024-08-31,Meera Rao,Home Office,North,Home Appliances,Blender Pro,79.99,1,0.15,PayPal,Completed
ORD-20240669,2024-09-19,Liam Wilson,Home Office,South,Office Supplies,Gel Pens Set,12.99,1,0.15,Credit Card,Completed
ORD-20240670,2024-09-01,Pooja Nair,Home Office,South,Clothing,Cotton T-Shirt,25.0,1,0.0,Credit Card,Returned
ORD-20240671,2024-09-19,Noah Martinez,Corporate,North,Office Supplies,Planner Notebook,18.0,1,0.2,UPI / Bank Transfer,Completed
ORD-20240672,2024-09-14,Priya Patel,Consumer,South,Office Supplies,Gel Pens Set,12.99,1,0.1,Debit Card,Cancelled
ORD-20240673,2024-08-20,Neha Reddy,Consumer,East,Office Supplies,Stapler Heavy Duty,24.0,3,0.2,PayPal,Completed
ORD-20240674,2024-12-10,Aarav Sharma,Consumer,North,Home Appliances,Air Fryer,99.99,2,0.15,Debit Card,Completed
ORD-20240675,11/04/2024,Siddharth Kaplan,Corporate,Central,Furniture,Leather Sofa,899.0,4,0.05,Credit Card,Completed
ORD-20240676,2024-02-27,Vikram Singh,Home Office,South,Clothing,Denim Jacket,65.0,3,0.2,PayPal,Completed
ORD-20240677,06/03/2024,Neha Reddy,Consumer,  west ,Clothing,Winter Parka,150.0,3,0.15,Debit Card,Completed
ORD-20240678,2024-08-18,Siddharth Kaplan,Consumer,Central,Clothing,Cotton T-Shirt,,2,0.0,UPI / Bank Transfer,Completed
ORD-20240679,2024-12-31,Emma Davis,Corporate,Central,Office Supplies,Planner Notebook,18.0,3,0.15,Credit Card,Completed
ORD-20240680,2024-10-29,Sophia Miller,Home Office,North,Office Supplies,Gel Pens Set,12.99,3,0.0,UPI / Bank Transfer,Returned
ORD-20240681,2024-11-27,Meera Rao,Corporate,West,Office Supplies,Paper Reams (5-pack),22.5,3,0.05,Debit Card,Completed
ORD-20240682,2024-04-08,Amit Choudhury,Home Office,Central,Office Supplies,Gel Pens Set,12.99,2,0.1,Debit Card,Completed
ORD-20240683,2024-07-18,Pooja Nair,Home Office,South,Furniture,Desk Lamp,35.0,5,0.15,Credit Card,Cancelled
ORD-20240684,2024-04-12,Olivia Taylor,Corporate,West,Office Supplies,Paper Reams (5-pack),22.5,1,0.2,PayPal,Completed
ORD-20240685,2024-01-10,Liam Wilson,Consumer,South,Furniture,Bookshelf,120.0,2,0.15,Credit Card,Completed
ORD-20240686,2024-04-26,Meera Rao,Consumer,East,Clothing,Winter Parka,150.0,1,0.2,UPI / Bank Transfer,Completed
ORD-20240687,2024-02-23,Ava Anderson,Home Office,North,Office Supplies,Planner Notebook,18.0,3,0.2,Credit Card,Pending
ORD-20240688,2024-02-23,Pooja Nair,Home Office,East,Electronics,Smart Watch,199.99,1,0.2,Debit Card,Pending
ORD-20240689,2024-02-20,Rahul Joshi,Corporate,South,Furniture,Bookshelf,120.0,1,0.0,Debit Card,Pending
ORD-20240690,2024-08-30,Sophia Miller,Corporate,North,Home Appliances,Espresso Machine,299.99,1,0.2,PayPal,Completed
ORD-20240691,2024-04-26,Liam Wilson,Home Office,West,Office Supplies,Planner Notebook,18.0,1,0.15,UPI / Bank Transfer,Completed
ORD-20240692,2024-01-06,Siddharth Kaplan,Consumer,North,Home Appliances,Air Fryer,99.99,3,0.15,Debit Card,Completed
ORD-20240693,2024-12-04,Liam Wilson,Corporate,North,Clothing,Formal Blazer,180.0,5,0.2,Debit Card,Completed
ORD-20240694,2024-06-09,Vikram Singh,Home Office,Central,Electronics,Bluetooth Speaker,49.99,4,0.05,Debit Card,Completed
ORD-20240695,2024-11-15,Pooja Nair,Consumer,West,Office Supplies,Binder Clips Set,8.5,4,0.1,Credit Card,Returned
ORD-20240696,03/05/2024,Emma Davis,Corporate,South,Home Appliances,Robot Vacuum,349.99,2,0.05,UPI / Bank Transfer,Pending
ORD-20240697,2024-10-03,Ananya Verma,Home Office,West,Clothing,Cotton T-Shirt,25.0,2,0.1,Credit Card,Pending
ORD-20240698,2024-09-16,,Corporate,West,Electronics,Wireless Headphones,89.99,2,0.2,UPI / Bank Transfer,Completed
ORD-20240699,2024-11-17,Noah Martinez,Home Office,East,Home Appliances,Espresso Machine,299.99,4,0.15,PayPal,Cancelled
ORD-20240700,2024-05-06,Meera Rao,Corporate,South,Home Appliances,Electric Kettle,39.99,1,0.15,Credit Card,Completed
ORD-20240701,2024-02-11,Rohan Gupta,Corporate,West,Office Supplies,Gel Pens Set,12.99,1,0.2,Debit Card,Returned
ORD-20240702,2024-07-21,Olivia Taylor,Home Office,West,Home Appliances,Blender Pro,79.99,4,0.05,Debit Card,Pending
ORD-20240703,03/06/2024,Ananya Verma,Home Office,Central,Office Supplies,Gel Pens Set,12.99,2,0.15,PayPal,Completed
ORD-20240704,2024-03-21,Ananya Verma,Consumer,Central,Furniture,Ergonomic Chair,249.99,4,0.1,UPI / Bank Transfer,Returned
ORD-20240705,2024-03-19,Aarav Sharma,Consumer,East,Furniture,Bookshelf,120.0,1,0.2,PayPal,Pending
ORD-20240706,2024-06-05,Emma Davis,Corporate,  west ,Clothing,Running Shoes,110.0,4,0.0,Credit Card,Pending
ORD-20240707,2024-10-20,Ava Anderson,Consumer,West,Office Supplies,Binder Clips Set,8.5,1,0.15,PayPal,Returned
ORD-20240708,2024-12-07,Sophia Miller,Corporate,Central,Furniture,Ergonomic Chair,249.99,3,0.1,PayPal,Completed
ORD-20240709,2024-12-09,Noah Martinez,Home Office,South,Furniture,Ergonomic Chair,249.99,5,0.0,UPI / Bank Transfer,Returned
ORD-20240710,2024-02-13,Noah Martinez,Home Office,Central,Home Appliances,Electric Kettle,39.99,1,0.15,PayPal,Pending
ORD-20240711,2024-01-10,Rahul Joshi,Consumer,North,Home Appliances,Espresso Machine,299.99,1,0.2,Debit Card,Completed
ORD-20240712,2024-07-24,Sophia Miller,Consumer,East,Office Supplies,Paper Reams (5-pack),22.5,2,0.1,UPI / Bank Transfer,Completed
ORD-20240713,2024-02-20,Rohan Gupta,Consumer,South,Furniture,Standing Desk,450.0,2,0.05,UPI / Bank Transfer,Completed
ORD-20240714,2024-06-15,Vikram Singh,Corporate,West,Electronics,Bluetooth Speaker,49.99,1,0.15,UPI / Bank Transfer,Completed
ORD-20240715,2024-03-02,Liam Wilson,Home Office,Central,Clothing,Formal Blazer,,1,0.1,Debit Card,Completed
ORD-20240716,2024-08-25,Sneha Iyer,Consumer,North,Electronics,4K Monitor,320.0,2,0.2,UPI / Bank Transfer,Returned
ORD-20240717,2024-05-06,Rohan Gupta,Home Office,Central,Clothing,Cotton T-Shirt,25.0,3,0.05,PayPal,Pending
ORD-20240718,03/27/2024,Aarav Sharma,Corporate,Central,Home Appliances,Blender Pro,79.99,3,0.05,UPI / Bank Transfer,Cancelled
ORD-20240719,2024-09-03,Rahul Joshi,Home Office,East,Furniture,Desk Lamp,35.0,1,0.05,UPI / Bank Transfer,Completed
ORD-20240720,2024-10-15,Emma Davis,Corporate,North,Electronics,4K Monitor,320.0,1,0.2,Debit Card,Completed
ORD-20240721,2024-06-11,Amit Choudhury,Corporate,West,Furniture,Bookshelf,120.0,4,0.2,PayPal,Completed
ORD-20240722,2024-12-20,Aarav Sharma,Home Office,  west ,Electronics,USB-C Dock,75.5,2,0.2,PayPal,Completed
ORD-20240723,2024-12-26,Rohan Gupta,Home Office,North,Office Supplies,Stapler Heavy Duty,24.0,3,0.15,Credit Card,Pending
ORD-20240724,2024-06-29,Aarav Sharma,Consumer,East,Office Supplies,Stapler Heavy Duty,24.0,5,0.05,Debit Card,Completed
ORD-20240725,2024-04-23,Ava Anderson,Home Office,South,Furniture,Bookshelf,120.0,3,0.05,UPI / Bank Transfer,Pending
ORD-20240726,2024-09-09,Ava Anderson,Consumer,West,Electronics,Bluetooth Speaker,49.99,5,0.15,Credit Card,Completed
ORD-20240727,2024-05-22,Noah Martinez,Home Office,Central,Office Supplies,Gel Pens Set,12.99,2,0.2,PayPal,Completed
ORD-20240728,2024-02-03,Karan Malhotra,Consumer,Central,Home Appliances,Espresso Machine,299.99,1,0.2,Credit Card,Cancelled
ORD-20240729,2024-12-14,Priya Patel,Corporate,West,Office Supplies,Paper Reams (5-pack),22.5,3,0.15,Debit Card,Pending
ORD-20240730,2024-12-14,Sneha Iyer,Consumer,Central,Office Supplies,Binder Clips Set,8.5,3,0.2,UPI / Bank Transfer,Completed
ORD-20240731,2024-01-03,Sneha Iyer,Home Office,Central,Furniture,Ergonomic Chair,,2,0.05,Debit Card,Completed
ORD-20240732,2024-06-17,Aarav Sharma,Home Office,West,Electronics,Wireless Headphones,89.99,1,0.1,UPI / Bank Transfer,Pending
ORD-20240733,2024-08-30,Sneha Iyer,Consumer,East,Furniture,Ergonomic Chair,249.99,1,0.0,Debit Card,Pending
ORD-20240734,2024-10-23,Rohan Gupta,Consumer,West,Electronics,Wireless Headphones,89.99,1,0.15,Credit Card,Pending
ORD-20240735,2024-11-08,Pooja Nair,Corporate,North,Electronics,Wireless Headphones,89.99,4,0.2,Debit Card,Completed
ORD-20240736,2024-04-29,Sophia Miller,Home Office,West,Home Appliances,Air Fryer,99.99,4,0.0,Credit Card,Completed
ORD-20240737,2024-06-17,Rohan Gupta,Home Office,North,Electronics,Wireless Headphones,89.99,2,0.05,PayPal,Returned
ORD-20240738,2024-05-11,Vikram Singh,Consumer,West,Office Supplies,Stapler Heavy Duty,24.0,2,0.1,Credit Card,Completed
ORD-20240739,2024-09-19,Vikram Singh,Consumer,Central,Furniture,Bookshelf,120.0,5,0.2,Debit Card,Completed
ORD-20240740,2024-07-07,Liam Wilson,Home Office,South,Home Appliances,Electric Kettle,39.99,5,0.1,Credit Card,Completed
ORD-20240741,2024-04-12,Olivia Taylor,Home Office,East,Clothing,Denim Jacket,65.0,2,0.1,Debit Card,Returned
ORD-20240742,2024-10-16,Ananya Verma,Corporate,West,Home Appliances,Robot Vacuum,349.99,5,0.05,Credit Card,Completed
ORD-20240743,2024-11-23,Olivia Taylor,Home Office,Central,Clothing,Winter Parka,150.0,2,0.15,UPI / Bank Transfer,Pending
ORD-20240744,2024-04-04,Aarav Sharma,Home Office,North,Electronics,Bluetooth Speaker,49.99,3,0.1,Credit Card,Completed
ORD-20240745,2024-11-19,Pooja Nair,Consumer,North,Furniture,Ergonomic Chair,249.99,3,0.05,PayPal,Completed
ORD-20240746,2024-10-10,Ananya Verma,Consumer,South,Clothing,Denim Jacket,65.0,1,0.0,PayPal,Completed
ORD-20240747,2024-04-17,Liam Wilson,Home Office,East,Clothing,Cotton T-Shirt,25.0,1,0.0,Debit Card,Cancelled
ORD-20240748,2024-03-07,Amit Choudhury,Home Office,West,Clothing,Formal Blazer,180.0,3,0.05,Debit Card,Cancelled
ORD-20240749,2024-11-11,Priya Patel,Home Office,South,Home Appliances,Robot Vacuum,349.99,3,0.05,UPI / Bank Transfer,Pending
ORD-20240750,2024-10-26,Ava Anderson,Consumer,West,Clothing,Denim Jacket,65.0,4,0.15,PayPal,Returned
ORD-20240751,2024-11-26,Amit Choudhury,Home Office,Central,Furniture,Desk Lamp,35.0,4,,UPI / Bank Transfer,Returned
ORD-20240752,2024-09-10,Rahul Joshi,Consumer,Central,Home Appliances,Blender Pro,79.99,2,0.05,PayPal,Completed
ORD-20240753,2024-06-05,Meera Rao,Corporate,South,Office Supplies,Stapler Heavy Duty,24.0,2,0.0,Credit Card,Completed
ORD-20240754,2024-09-22,Amit Choudhury,Corporate,West,Home Appliances,Air Fryer,99.99,2,0.15,Debit Card,Completed
ORD-20240755,2024-09-11,Karan Malhotra,Home Office,South,Office Supplies,Paper Reams (5-pack),22.5,1,0.0,Credit Card,Completed
ORD-20240756,2024-09-13,Rohan Gupta,Corporate,South,Electronics,Bluetooth Speaker,49.99,2,0.05,Credit Card,Returned
ORD-20240757,2024-12-11,Vikram Singh,Home Office,South,Furniture,Bookshelf,120.0,3,0.1,UPI / Bank Transfer,Completed
ORD-20240758,2024-06-26,Aarav Sharma,Corporate,Central,Office Supplies,Planner Notebook,18.0,3,0.15,PayPal,Pending
ORD-20240759,2024-04-17,Ethan Brown,Corporate,Central,Home Appliances,Electric Kettle,39.99,2,0.05,Credit Card,Completed
ORD-20240760,2024-12-23,,Home Office,  central ,Office Supplies,Planner Notebook,18.0,3,0.0,PayPal,Completed
ORD-20240761,12/03/2024,Siddharth Kaplan,Home Office,West,Furniture,Standing Desk,450.0,4,0.2,UPI / Bank Transfer,Completed
ORD-20240762,2024-01-17,Ava Anderson,Home Office,Central,Clothing,Cotton T-Shirt,25.0,4,0.05,Debit Card,Completed
ORD-20240763,2024-02-02,Ethan Brown,Home Office,North,Clothing,Winter Parka,150.0,2,0.05,UPI / Bank Transfer,Completed
ORD-20240764,2024-10-10,Rohan Gupta,Corporate,North,Home Appliances,Blender Pro,79.99,1,0.05,UPI / Bank Transfer,Completed
ORD-20240765,2024-09-25,Amit Choudhury,Corporate,  central ,Electronics,Bluetooth Speaker,49.99,1,0.0,Debit Card,Completed
ORD-20240766,2024-08-02,Rahul Joshi,Corporate,South,Electronics,4K Monitor,320.0,2,0.15,Debit Card,Pending
ORD-20240767,2024-10-21,Ethan Brown,Corporate,Central,Home Appliances,Espresso Machine,299.99,4,0.05,PayPal,Completed
ORD-20240768,2024-07-23,Olivia Taylor,Corporate,East,Clothing,Formal Blazer,180.0,2,,Debit Card,Returned
ORD-20240769,2024-05-27,Neha Reddy,Corporate,East,Office Supplies,Binder Clips Set,8.5,2,0.2,PayPal,Completed
ORD-20240770,2024-08-22,Priya Patel,Consumer,North,Clothing,Formal Blazer,180.0,2,0.2,PayPal,Completed
ORD-20240771,2024-02-04,Emma Davis,Consumer,West,Clothing,Winter Parka,150.0,2,0.0,UPI / Bank Transfer,Completed
ORD-20240772,2024-06-15,Ethan Brown,Consumer,South,Clothing,Cotton T-Shirt,25.0,2,0.15,Credit Card,Cancelled
ORD-20240773,2024-07-23,Vikram Singh,Corporate,North,Office Supplies,Paper Reams (5-pack),22.5,4,0.15,Debit Card,Completed
ORD-20240774,2024-10-07,Neha Reddy,Consumer,West,Office Supplies,Gel Pens Set,12.99,2,0.0,Credit Card,Returned
ORD-20240775,2024-03-04,Aarav Sharma,Home Office,North,Office Supplies,Gel Pens Set,12.99,2,,UPI / Bank Transfer,Completed
ORD-20240776,2024-04-20,Liam Wilson,Home Office,West,Home Appliances,Espresso Machine,299.99,3,0.1,Credit Card,Completed
ORD-20240777,11/02/2024,Sneha Iyer,Consumer,South,Office Supplies,Gel Pens Set,12.99,1,0.15,Credit Card,Completed
ORD-20240778,2024-01-08,Ananya Verma,Home Office,South,Clothing,Denim Jacket,65.0,1,0.05,PayPal,Cancelled
ORD-20240779,2024-09-19,Ava Anderson,Consumer,Central,Furniture,Bookshelf,120.0,1,0.0,Debit Card,Completed
ORD-20240780,2024-02-24,Aarav Sharma,Corporate,West,Clothing,Denim Jacket,65.0,2,0.05,PayPal,Completed
ORD-20240781,2024-05-22,Sophia Miller,Corporate,North,Furniture,Ergonomic Chair,249.99,2,0.2,Debit Card,Completed
ORD-20240782,2024-10-18,Siddharth Kaplan,Home Office,East,Electronics,USB-C Dock,75.5,1,0.05,PayPal,Completed
ORD-20240783,2024-12-18,Noah Martinez,Corporate,  east ,Office Supplies,Paper Reams (5-pack),22.5,3,0.05,Debit Card,Returned
ORD-20240784,2024-12-26,Ananya Verma,Corporate,Central,Clothing,Denim Jacket,65.0,5,0.15,PayPal,Cancelled
ORD-20240785,2024-11-13,Vikram Singh,Corporate,West,Clothing,Cotton T-Shirt,25.0,1,0.0,PayPal,Cancelled
ORD-20240786,2024-11-02,Priya Patel,Home Office,South,Office Supplies,Binder Clips Set,8.5,5,0.1,Debit Card,Cancelled
ORD-20240787,2024-04-27,Priya Patel,Home Office,South,Furniture,Bookshelf,120.0,3,0.05,PayPal,Pending
ORD-20240788,2024-07-14,Olivia Taylor,Consumer,North,Clothing,Winter Parka,150.0,2,0.05,PayPal,Completed
ORD-20240789,2024-03-05,Rohan Gupta,Corporate,South,Home Appliances,Electric Kettle,39.99,1,0.05,Debit Card,Completed
ORD-20240790,2024-05-05,Ethan Brown,Home Office,East,Home Appliances,Espresso Machine,299.99,2,0.15,PayPal,Completed
ORD-20240791,2024-07-03,Ava Anderson,Home Office,West,Clothing,Winter Parka,150.0,2,0.05,Debit Card,Pending
ORD-20240792,2024-09-03,Pooja Nair,Home Office,North,Office Supplies,Planner Notebook,18.0,1,0.05,PayPal,Returned
ORD-20240793,2024-08-25,Rohan Gupta,Corporate,Central,Furniture,Desk Lamp,35.0,1,0.15,PayPal,Cancelled
ORD-20240794,2024-04-07,Sophia Miller,Corporate,West,Home Appliances,Robot Vacuum,349.99,1,0.15,UPI / Bank Transfer,Completed
ORD-20240795,2024-10-28,Neha Reddy,Consumer,West,Electronics,Wireless Headphones,89.99,1,0.1,Debit Card,Completed
ORD-20240796,2024-09-07,Sneha Iyer,Consumer,West,Furniture,Ergonomic Chair,249.99,2,0.1,Debit Card,Completed
ORD-20240797,2024-12-12,Vikram Singh,Corporate,Central,Clothing,Cotton T-Shirt,25.0,1,0.2,PayPal,Returned
ORD-20240798,2024-03-23,Rohan Gupta,Home Office,West,Electronics,4K Monitor,320.0,1,0.05,PayPal,Completed
ORD-20240799,2024-05-09,Sophia Miller,Home Office,West,Home Appliances,Electric Kettle,39.99,2,0.2,Credit Card,Completed
ORD-20240800,2024-06-25,Aarav Sharma,Consumer,West,Furniture,Standing Desk,450.0,3,0.0,Debit Card,Completed
ORD-20240801,2024-12-22,Meera Rao,Consumer,West,Office Supplies,Binder Clips Set,8.5,3,0.15,PayPal,Completed
ORD-20240802,2024-02-26,Neha Reddy,Consumer,South,Clothing,Running Shoes,110.0,2,0.15,UPI / Bank Transfer,Pending
ORD-20240803,2024-11-15,Ananya Verma,Corporate,East,Clothing,Denim Jacket,65.0,2,0.0,Credit Card,Completed
ORD-20240804,2024-09-01,Aarav Sharma,Home Office,North,Electronics,Wireless Headphones,89.99,2,0.05,Credit Card,Completed
ORD-20240805,2024-01-04,Amit Choudhury,Home Office,West,Home Appliances,Robot Vacuum,349.99,2,0.1,Debit Card,Completed
ORD-20240806,06/24/2024,Priya Patel,Corporate,West,Clothing,Cotton T-Shirt,25.0,5,0.0,UPI / Bank Transfer,Pending
ORD-20240807,2024-12-23,Liam Wilson,Corporate,Central,Clothing,Denim Jacket,65.0,3,0.15,PayPal,Completed
ORD-20240808,2024-12-03,Amit Choudhury,Consumer,  south ,Home Appliances,Blender Pro,79.99,5,0.0,UPI / Bank Transfer,Pending
ORD-20240809,2024-06-15,Ava Anderson,Consumer,West,Clothing,Formal Blazer,180.0,2,0.15,UPI / Bank Transfer,Completed
ORD-20240810,2024-12-24,Vikram Singh,Home Office,Central,Office Supplies,Binder Clips Set,8.5,5,0.15,Credit Card,Completed
ORD-20240811,2024-06-03,Ananya Verma,Corporate,South,Home Appliances,Blender Pro,79.99,3,0.05,PayPal,Completed
ORD-20240812,2024-12-03,Amit Choudhury,Corporate,North,Electronics,4K Monitor,320.0,4,0.1,UPI / Bank Transfer,Completed
ORD-20240813,2024-12-09,Amit Choudhury,Consumer,West,Clothing,Formal Blazer,180.0,2,0.1,Credit Card,Cancelled
ORD-20240814,2024-07-14,Ananya Verma,Corporate,South,Home Appliances,Blender Pro,79.99,2,0.0,Credit Card,Completed
ORD-20240815,2024-10-30,Amit Choudhury,Corporate,East,Electronics,USB-C Dock,75.5,4,0.0,Credit Card,Completed
ORD-20240816,04/07/2024,Vikram Singh,Home Office,East,Office Supplies,Binder Clips Set,8.5,3,0.15,PayPal,Completed
ORD-20240817,2024-08-23,Vikram Singh,Home Office,West,Furniture,Standing Desk,450.0,1,0.0,UPI / Bank Transfer,Completed
ORD-20240818,2024-06-07,Rahul Joshi,Corporate,Central,Electronics,Bluetooth Speaker,49.99,2,0.15,UPI / Bank Transfer,Cancelled
ORD-20240819,2024-06-19,Neha Reddy,Corporate,North,Clothing,Running Shoes,110.0,1,0.05,Debit Card,Completed
ORD-20240820,2024-10-07,Siddharth Kaplan,Consumer,East,Office Supplies,Planner Notebook,18.0,2,0.05,UPI / Bank Transfer,Completed
ORD-20240821,2024-10-07,Priya Patel,Home Office,Central,Clothing,Cotton T-Shirt,25.0,2,0.05,UPI / Bank Transfer,Completed
ORD-20240822,2024-08-14,Rahul Joshi,Home Office,South,Furniture,Standing Desk,450.0,2,0.2,Credit Card,Completed
ORD-20240823,2024-03-16,Olivia Taylor,Consumer,North,Office Supplies,Gel Pens Set,12.99,2,0.2,Credit Card,Completed
ORD-20240824,2024-10-30,Sneha Iyer,Corporate,  south ,Clothing,Winter Parka,150.0,2,0.2,Debit Card,Completed
ORD-20240825,2024-11-30,Ethan Brown,Corporate,West,Electronics,4K Monitor,320.0,4,0.0,Credit Card,Completed
ORD-20240826,2024-09-07,Noah Martinez,Corporate,North,Home Appliances,Espresso Machine,299.99,2,0.0,UPI / Bank Transfer,Cancelled
ORD-20240827,2024-04-02,Amit Choudhury,Consumer,Central,Office Supplies,Binder Clips Set,8.5,2,0.0,PayPal,Completed
ORD-20240828,2024-10-01,Noah Martinez,Home Office,North,Home Appliances,Blender Pro,79.99,3,0.05,Credit Card,Pending
ORD-20240829,2024-03-01,Amit Choudhury,Consumer,North,Home Appliances,Espresso Machine,299.99,1,0.2,Credit Card,Completed
ORD-20240830,2024-03-23,Liam Wilson,Corporate,North,Furniture,Ergonomic Chair,249.99,1,0.05,UPI / Bank Transfer,Returned
ORD-20240831,2024-12-02,Pooja Nair,Home Office,Central,Furniture,Ergonomic Chair,249.99,1,0.2,Debit Card,Completed
ORD-20240832,2024-06-09,Ananya Verma,Home Office,Central,Furniture,Leather Sofa,899.0,2,0.0,Credit Card,Completed
ORD-20240833,2024-06-02,Noah Martinez,Corporate,Central,Clothing,Running Shoes,110.0,4,0.2,UPI / Bank Transfer,Completed
ORD-20240834,2024-10-08,Karan Malhotra,Home Office,West,Office Supplies,Gel Pens Set,12.99,1,0.05,Debit Card,Cancelled
ORD-20240835,2024-02-06,Liam Wilson,Home Office,East,Furniture,Standing Desk,450.0,2,0.05,PayPal,Completed
ORD-20240836,2024-08-10,Emma Davis,Consumer,North,Home Appliances,Espresso Machine,299.99,2,0.1,Debit Card,Completed
ORD-20240837,2024-07-04,Ananya Verma,Corporate,South,Furniture,Standing Desk,450.0,4,0.0,PayPal,Completed
ORD-20240838,2024-03-04,,Home Office,West,Furniture,Leather Sofa,899.0,1,0.1,UPI / Bank Transfer,Returned
ORD-20240839,2024-01-25,Emma Davis,Home Office,East,Office Supplies,Gel Pens Set,12.99,1,0.2,Debit Card,Completed
ORD-20240840,2024-01-05,Karan Malhotra,Consumer,South,Clothing,Running Shoes,110.0,2,0.05,UPI / Bank Transfer,Cancelled
ORD-20240841,2024-08-02,Liam Wilson,Corporate,East,Clothing,Winter Parka,150.0,3,0.2,UPI / Bank Transfer,Completed
ORD-20240842,2024-04-27,Rohan Gupta,Home Office,West,Electronics,Bluetooth Speaker,49.99,1,0.05,Credit Card,Completed
ORD-20240843,2024-03-25,Aarav Sharma,Corporate,Central,Electronics,Bluetooth Speaker,49.99,2,0.15,PayPal,Completed
ORD-20240844,2024-12-12,Aarav Sharma,Home Office,North,Electronics,4K Monitor,,5,0.2,Debit Card,Cancelled
ORD-20240845,2024-05-05,Neha Reddy,Home Office,North,Home Appliances,Electric Kettle,39.99,5,0.0,PayPal,Completed
ORD-20240846,2024-03-09,Meera Rao,Consumer,West,Electronics,4K Monitor,320.0,2,0.05,UPI / Bank Transfer,Cancelled
ORD-20240847,2024-03-01,Noah Martinez,Corporate,East,Office Supplies,Binder Clips Set,8.5,1,0.2,PayPal,Completed
ORD-20240848,2024-01-19,Ava Anderson,Corporate,North,Home Appliances,Blender Pro,79.99,4,0.1,UPI / Bank Transfer,Completed
ORD-20240849,2024-06-28,Sophia Miller,Corporate,  east ,Clothing,Winter Parka,150.0,4,0.2,PayPal,Completed
ORD-20240850,2024-03-19,Karan Malhotra,Consumer,South,Office Supplies,Paper Reams (5-pack),22.5,2,0.1,Debit Card,Completed
ORD-20240851,08/07/2024,Ethan Brown,Consumer,North,Home Appliances,Robot Vacuum,349.99,4,0.15,PayPal,Completed
ORD-20240852,2024-12-29,Sophia Miller,Home Office,North,Clothing,Cotton T-Shirt,25.0,2,0.05,UPI / Bank Transfer,Completed
ORD-20240853,2024-09-02,Olivia Taylor,Home Office,West,Furniture,Ergonomic Chair,249.99,5,0.15,PayPal,Completed
ORD-20240854,2024-07-18,Liam Wilson,Consumer,South,Electronics,Wireless Headphones,89.99,1,0.1,PayPal,Completed
ORD-20240855,2024-11-01,Rohan Gupta,Corporate,East,Office Supplies,Planner Notebook,18.0,4,0.05,PayPal,Returned
ORD-20240856,2024-04-05,Sophia Miller,Consumer,South,Electronics,Bluetooth Speaker,49.99,1,0.0,Debit Card,Cancelled
ORD-20240857,2024-09-14,Vikram Singh,Corporate,South,Clothing,Formal Blazer,180.0,2,0.05,Credit Card,Completed
ORD-20240858,2024-08-06,Liam Wilson,Corporate,North,Clothing,Denim Jacket,65.0,1,0.1,PayPal,Completed
ORD-20240859,2024-02-01,Karan Malhotra,Corporate,North,Electronics,Bluetooth Speaker,49.99,2,0.1,Debit Card,Completed
ORD-20240860,2024-04-03,Karan Malhotra,Home Office,South,Electronics,Bluetooth Speaker,49.99,1,0.05,Credit Card,Completed
ORD-20240861,2024-09-08,Emma Davis,Consumer,North,Furniture,Ergonomic Chair,249.99,2,,UPI / Bank Transfer,Completed
ORD-20240862,2024-10-28,Siddharth Kaplan,Consumer,East,Furniture,Standing Desk,450.0,2,0.2,Credit Card,Completed
ORD-20240863,2024-10-27,Rohan Gupta,Home Office,West,Clothing,Running Shoes,110.0,5,0.15,UPI / Bank Transfer,Completed
ORD-20240864,2024-04-13,Emma Davis,Home Office,South,Clothing,Denim Jacket,65.0,2,0.2,UPI / Bank Transfer,Pending
ORD-20240865,2024-07-06,Liam Wilson,Home Office,North,Electronics,4K Monitor,320.0,2,0.2,Credit Card,Completed
ORD-20240866,2024-03-07,Siddharth Kaplan,Corporate,South,Home Appliances,Air Fryer,99.99,1,0.15,Credit Card,Completed
ORD-20240867,2024-07-15,Neha Reddy,Consumer,Central,Office Supplies,Planner Notebook,18.0,2,0.05,PayPal,Returned
ORD-20240868,2024-01-05,Liam Wilson,Corporate,Central,Home Appliances,Blender Pro,79.99,4,0.05,UPI / Bank Transfer,Pending
ORD-20240869,2024-05-17,Pooja Nair,Consumer,North,Clothing,Running Shoes,110.0,2,0.05,PayPal,Completed
ORD-20240870,2024-01-27,Meera Rao,Home Office,Central,Clothing,Running Shoes,110.0,2,0.0,UPI / Bank Transfer,Completed
ORD-20240871,2024-10-08,Priya Patel,Home Office,Central,Clothing,Winter Parka,150.0,1,0.1,Credit Card,Pending
ORD-20240872,2024-05-23,Siddharth Kaplan,Home Office,Central,Electronics,USB-C Dock,75.5,1,0.2,UPI / Bank Transfer,Pending
ORD-20240873,2024-08-14,Siddharth Kaplan,Consumer,Central,Furniture,Standing Desk,450.0,1,0.15,Debit Card,Completed
ORD-20240874,2024-09-02,Neha Reddy,Consumer,South,Clothing,Winter Parka,150.0,1,0.05,Debit Card,Cancelled
ORD-20240875,2024-01-11,Vikram Singh,Consumer,Central,Clothing,Winter Parka,,1,0.15,Debit Card,Completed
ORD-20240876,2024-07-25,Siddharth Kaplan,Corporate,North,Home Appliances,Espresso Machine,299.99,1,0.0,Credit Card,Completed
ORD-20240877,2024-11-25,Ava Anderson,Consumer,North,Clothing,Running Shoes,110.0,5,0.0,Credit Card,Pending
ORD-20240878,2024-06-22,Noah Martinez,Corporate,South,Electronics,Smart Watch,199.99,4,0.1,PayPal,Completed
ORD-20240879,2024-05-04,Priya Patel,Consumer,  north ,Furniture,Leather Sofa,899.0,1,0.2,UPI / Bank Transfer,Completed
ORD-20240880,2024-07-31,Vikram Singh,Corporate,South,Clothing,Denim Jacket,65.0,1,0.15,UPI / Bank Transfer,Completed
ORD-20240881,2024-02-27,Pooja Nair,Corporate,North,Electronics,Smart Watch,199.99,2,0.1,Credit Card,Returned
ORD-20240882,2024-02-13,Amit Choudhury,Home Office,South,Home Appliances,Espresso Machine,299.99,4,0.15,PayPal,Cancelled
ORD-20240883,2024-12-07,Karan Malhotra,Corporate,East,Home Appliances,Robot Vacuum,349.99,4,0.0,UPI / Bank Transfer,Completed
ORD-20240884,2024-03-17,Olivia Taylor,Consumer,South,Clothing,Cotton T-Shirt,25.0,3,0.15,Credit Card,Returned
ORD-20240885,2024-05-22,Meera Rao,Corporate,South,Furniture,Standing Desk,450.0,1,,Debit Card,Completed
ORD-20240886,2024-07-30,Emma Davis,Corporate,South,Furniture,Standing Desk,450.0,2,0.2,Debit Card,Returned
ORD-20240887,07/15/2024,Sneha Iyer,Home Office,Central,Office Supplies,Stapler Heavy Duty,24.0,1,0.1,Credit Card,Completed
ORD-20240888,2024-01-09,Meera Rao,Corporate,North,Office Supplies,Gel Pens Set,12.99,2,0.15,PayPal,Completed
ORD-20240889,2024-10-09,Priya Patel,Home Office,South,Office Supplies,Gel Pens Set,12.99,5,0.05,PayPal,Completed
ORD-20240890,2024-01-14,Noah Martinez,Consumer,North,Office Supplies,Binder Clips Set,8.5,2,0.2,Debit Card,Pending
ORD-20240891,2024-01-16,Noah Martinez,Corporate,South,Clothing,Denim Jacket,65.0,1,0.05,PayPal,Pending
ORD-20240892,2024-03-12,Ethan Brown,Home Office,West,Furniture,Desk Lamp,35.0,3,0.0,Credit Card,Completed
ORD-20240893,2024-11-24,Sophia Miller,Home Office,  south ,Clothing,Formal Blazer,180.0,1,0.1,Debit Card,Returned
ORD-20240894,2024-09-13,Rohan Gupta,Home Office,South,Clothing,Winter Parka,150.0,1,0.05,Debit Card,Completed
ORD-20240895,2024-01-29,Ethan Brown,Corporate,Central,Clothing,Formal Blazer,180.0,1,0.15,UPI / Bank Transfer,Cancelled
ORD-20240896,03/25/2024,Ananya Verma,Consumer,South,Furniture,Desk Lamp,35.0,1,0.1,UPI / Bank Transfer,Returned
ORD-20240897,2024-05-24,Pooja Nair,Consumer,South,Electronics,Wireless Headphones,89.99,1,0.0,PayPal,Cancelled
ORD-20240898,2024-02-13,Olivia Taylor,Consumer,Central,Home Appliances,Air Fryer,99.99,5,0.0,Credit Card,Completed
ORD-20240899,2024-01-05,Siddharth Kaplan,Home Office,Central,Furniture,Desk Lamp,35.0,5,0.0,UPI / Bank Transfer,Completed
ORD-20240900,2024-09-14,Olivia Taylor,Home Office,Central,Clothing,Denim Jacket,65.0,1,0.05,Credit Card,Completed
ORD-20240901,2024-08-25,Vikram Singh,Home Office,South,Electronics,Smart Watch,199.99,1,0.2,PayPal,Returned
ORD-20240902,2024-11-07,Meera Rao,Home Office,South,Furniture,Desk Lamp,35.0,4,0.15,Debit Card,Completed
ORD-20240903,2024-11-08,Aarav Sharma,Consumer,West,Clothing,Formal Blazer,180.0,4,0.0,UPI / Bank Transfer,Returned
ORD-20240904,2024-08-20,,Corporate,North,Furniture,Standing Desk,450.0,1,0.05,Credit Card,Completed
ORD-20240905,2024-08-23,Vikram Singh,Consumer,West,Office Supplies,Binder Clips Set,8.5,1,0.1,Debit Card,Completed
ORD-20240906,2024-07-24,Ava Anderson,Corporate,West,Home Appliances,Espresso Machine,299.99,2,0.15,UPI / Bank Transfer,Completed
ORD-20240907,2024-05-14,Sneha Iyer,Home Office,North,Electronics,USB-C Dock,75.5,4,0.0,Credit Card,Completed
ORD-20240908,2024-03-22,Rohan Gupta,Corporate,West,Electronics,Smart Watch,199.99,2,0.2,Debit Card,Completed
ORD-20240909,2024-08-26,Rahul Joshi,Corporate,West,Clothing,Denim Jacket,65.0,1,0.1,UPI / Bank Transfer,Completed
ORD-20240910,2024-11-05,Emma Davis,Consumer,East,Office Supplies,Paper Reams (5-pack),22.5,3,0.05,Debit Card,Completed
ORD-20240911,2024-01-17,Olivia Taylor,Consumer,East,Office Supplies,Paper Reams (5-pack),22.5,5,0.0,Credit Card,Completed
ORD-20240912,2024-12-16,Karan Malhotra,Corporate,North,Furniture,Standing Desk,450.0,3,0.15,Credit Card,Completed
ORD-20240913,2024-09-25,Sophia Miller,Corporate,North,Furniture,Standing Desk,450.0,1,0.05,UPI / Bank Transfer,Completed
ORD-20240914,2024-08-02,Noah Martinez,Corporate,West,Home Appliances,Espresso Machine,299.99,2,0.2,Credit Card,Returned
ORD-20240915,2024-12-07,Ethan Brown,Consumer,  east ,Clothing,Cotton T-Shirt,25.0,3,0.1,Debit Card,Pending
ORD-20240916,2024-12-11,Vikram Singh,Home Office,West,Home Appliances,Air Fryer,99.99,3,0.2,Debit Card,Cancelled
ORD-20240917,2024-04-21,Ava Anderson,Corporate,Central,Clothing,Winter Parka,150.0,3,0.05,PayPal,Completed
ORD-20240918,2024-12-13,Pooja Nair,Home Office,  east ,Electronics,Bluetooth Speaker,49.99,3,0.15,Credit Card,Cancelled
ORD-20240919,2024-08-21,Amit Choudhury,Consumer,Central,Furniture,Bookshelf,120.0,2,0.15,PayPal,Completed
ORD-20240920,2024-10-10,Sophia Miller,Home Office,West,Home Appliances,Blender Pro,79.99,2,0.2,UPI / Bank Transfer,Cancelled
ORD-20240921,2024-02-20,Sophia Miller,Consumer,North,Electronics,Wireless Headphones,89.99,5,,Debit Card,Cancelled
ORD-20240922,2024-02-21,,Consumer,North,Home Appliances,Electric Kettle,39.99,2,0.15,PayPal,Pending
ORD-20240923,2024-02-28,Ethan Brown,Corporate,East,Office Supplies,Paper Reams (5-pack),22.5,1,0.1,Debit Card,Completed
ORD-20240924,2024-09-16,Aarav Sharma,Corporate,West,Furniture,Bookshelf,120.0,1,0.0,Credit Card,Completed
ORD-20240925,2024-07-10,Noah Martinez,Corporate,East,Home Appliances,Electric Kettle,39.99,3,0.15,PayPal,Returned
ORD-20240926,2024-11-25,Siddharth Kaplan,Home Office,West,Electronics,USB-C Dock,75.5,3,0.1,PayPal,Completed
ORD-20240927,2024-08-11,Siddharth Kaplan,Home Office,North,Clothing,Formal Blazer,,1,0.2,UPI / Bank Transfer,Pending
ORD-20240928,2024-06-14,Noah Martinez,Consumer,  west ,Electronics,Wireless Headphones,89.99,1,0.2,Credit Card,Returned
ORD-20240929,2024-02-10,Meera Rao,Consumer,West,Electronics,Smart Watch,199.99,2,0.05,PayPal,Cancelled
ORD-20240930,2024-10-01,Vikram Singh,Home Office,North,Office Supplies,Binder Clips Set,8.5,3,0.2,Credit Card,Cancelled
ORD-20240931,2024-02-26,Karan Malhotra,Consumer,North,Home Appliances,Air Fryer,99.99,2,0.15,Credit Card,Completed
ORD-20240932,2024-04-16,Rohan Gupta,Consumer,West,Office Supplies,Paper Reams (5-pack),22.5,2,0.1,Debit Card,Completed
ORD-20240933,2024-08-18,Noah Martinez,Home Office,North,Clothing,Cotton T-Shirt,25.0,3,0.1,Credit Card,Completed
ORD-20240934,2024-09-04,Karan Malhotra,Consumer,North,Home Appliances,Electric Kettle,39.99,5,0.0,PayPal,Returned
ORD-20240935,2024-09-22,Rahul Joshi,Consumer,East,Clothing,Running Shoes,110.0,2,0.05,UPI / Bank Transfer,Completed
ORD-20240936,2024-12-20,Rohan Gupta,Corporate,West,Furniture,Bookshelf,120.0,5,0.15,UPI / Bank Transfer,Completed
ORD-20240937,2024-07-23,Karan Malhotra,Corporate,South,Furniture,Standing Desk,450.0,4,0.2,Credit Card,Returned
ORD-20240938,2024-04-15,Karan Malhotra,Corporate,West,Office Supplies,Planner Notebook,18.0,5,0.15,Credit Card,Returned
ORD-20240939,2024-10-17,Liam Wilson,Corporate,South,Electronics,4K Monitor,320.0,2,0.2,Debit Card,Completed
ORD-20240940,2024-11-26,Neha Reddy,Corporate,  west ,Home Appliances,Robot Vacuum,349.99,5,0.05,Debit Card,Pending
ORD-20240941,2024-02-07,Ananya Verma,Consumer,South,Furniture,Bookshelf,120.0,1,0.0,UPI / Bank Transfer,Cancelled
ORD-20240942,2024-04-19,Pooja Nair,Home Office,Central,Furniture,Standing Desk,450.0,2,0.05,PayPal,Returned
ORD-20240943,2024-05-22,Sophia Miller,Corporate,West,Electronics,USB-C Dock,75.5,3,0.05,UPI / Bank Transfer,Completed
ORD-20240944,2024-09-09,Neha Reddy,Home Office,,Furniture,Desk Lamp,35.0,2,0.15,UPI / Bank Transfer,Returned
ORD-20240945,2024-01-11,Siddharth Kaplan,Consumer,West,Home Appliances,Air Fryer,99.99,1,0.0,Credit Card,Completed
ORD-20240946,2024-02-18,Meera Rao,Corporate,East,Office Supplies,Binder Clips Set,8.5,3,0.1,Credit Card,Returned
ORD-20240947,2024-01-25,Ava Anderson,Consumer,North,Office Supplies,Planner Notebook,18.0,2,0.0,Credit Card,Completed
ORD-20240948,2024-03-12,Rahul Joshi,Home Office,South,Furniture,Desk Lamp,35.0,1,0.2,UPI / Bank Transfer,Pending
ORD-20240949,2024-12-18,Pooja Nair,Consumer,  north ,Furniture,Ergonomic Chair,249.99,5,0.2,UPI / Bank Transfer,Completed
ORD-20240950,2024-07-13,Vikram Singh,Corporate,Central,Clothing,Running Shoes,110.0,1,0.2,PayPal,Pending
ORD-20240951,2024-07-30,Olivia Taylor,Home Office,Central,Electronics,USB-C Dock,75.5,2,0.1,Debit Card,Completed
ORD-20240952,2024-09-04,Sneha Iyer,Home Office,North,Furniture,Bookshelf,120.0,1,0.0,PayPal,Cancelled
ORD-20240953,2024-09-10,Rahul Joshi,Corporate,West,Electronics,Smart Watch,199.99,1,0.05,Credit Card,Completed
ORD-20240954,2024-09-27,Liam Wilson,Consumer,West,Furniture,Bookshelf,120.0,2,0.1,PayPal,Completed
ORD-20240955,2024-08-19,Karan Malhotra,Corporate,West,Home Appliances,Espresso Machine,299.99,4,0.1,PayPal,Cancelled
ORD-20240956,10/22/2024,Sneha Iyer,Consumer,North,Clothing,Winter Parka,150.0,2,0.1,Debit Card,Completed
ORD-20240957,2024-12-04,Rohan Gupta,Corporate,North,Furniture,Bookshelf,120.0,3,0.05,Debit Card,Completed
ORD-20240958,2024-08-08,Priya Patel,Home Office,East,Electronics,4K Monitor,320.0,2,0.15,Debit Card,Cancelled
ORD-20240959,2024-04-06,Liam Wilson,Corporate,Central,Home Appliances,Robot Vacuum,349.99,2,0.0,Credit Card,Cancelled
ORD-20240960,2024-02-26,Rohan Gupta,Home Office,Central,Electronics,Wireless Headphones,89.99,1,0.05,Credit Card,Completed
ORD-20240961,2024-12-24,Karan Malhotra,Corporate,North,Office Supplies,Planner Notebook,18.0,4,0.05,PayPal,Completed
ORD-20240962,2024-05-27,Ava Anderson,Corporate,North,Furniture,Ergonomic Chair,249.99,3,0.05,UPI / Bank Transfer,Pending
ORD-20240963,12/14/2024,Aarav Sharma,Home Office,West,Clothing,Cotton T-Shirt,25.0,1,0.1,Debit Card,Completed
ORD-20240964,2024-05-15,Olivia Taylor,Home Office,Central,Clothing,Denim Jacket,65.0,4,0.05,Credit Card,Completed
ORD-20240965,2024-01-24,Neha Reddy,Consumer,South,Home Appliances,Robot Vacuum,349.99,3,0.1,Credit Card,Completed
ORD-20240966,2024-06-20,Karan Malhotra,Corporate,East,Furniture,Leather Sofa,899.0,2,0.1,Debit Card,Completed
ORD-20240967,2024-06-19,Liam Wilson,Home Office,North,Home Appliances,Blender Pro,79.99,4,0.15,Credit Card,Completed
ORD-20240968,2024-12-03,Sophia Miller,Corporate,North,Furniture,Desk Lamp,35.0,5,0.0,PayPal,Cancelled
ORD-20240969,2024-07-12,Liam Wilson,Consumer,West,Furniture,Leather Sofa,899.0,2,0.1,UPI / Bank Transfer,Cancelled
ORD-20240970,2024-07-19,Liam Wilson,Home Office,  south ,Furniture,Bookshelf,120.0,2,0.2,UPI / Bank Transfer,Pending
ORD-20240971,2024-08-20,Olivia Taylor,Home Office,North,Furniture,Bookshelf,120.0,2,,PayPal,Completed
ORD-20240972,2024-05-28,Pooja Nair,Consumer,West,Clothing,Cotton T-Shirt,25.0,2,0.05,Debit Card,Completed
ORD-20240973,2024-10-30,Aarav Sharma,Consumer,North,Office Supplies,Binder Clips Set,8.5,1,0.1,UPI / Bank Transfer,Completed
ORD-20240974,2024-09-14,Vikram Singh,Home Office,North,Home Appliances,Espresso Machine,299.99,2,0.2,PayPal,Completed
ORD-20240975,2024-05-28,,Corporate,South,Office Supplies,Binder Clips Set,8.5,1,0.1,Debit Card,Completed
ORD-20240976,2024-11-01,Vikram Singh,Home Office,East,Home Appliances,Blender Pro,79.99,3,0.05,PayPal,Completed
ORD-20240977,2024-04-12,Ethan Brown,Home Office,Central,Electronics,Bluetooth Speaker,49.99,1,0.15,PayPal,Completed
ORD-20240978,09/26/2024,Sophia Miller,Corporate,East,Furniture,Leather Sofa,899.0,2,0.15,Debit Card,Completed
ORD-20240979,2024-10-13,Pooja Nair,Consumer,South,Office Supplies,Paper Reams (5-pack),22.5,1,0.2,UPI / Bank Transfer,Completed
ORD-20240980,2024-10-16,Aarav Sharma,Corporate,South,Electronics,4K Monitor,320.0,4,0.0,Debit Card,Pending
ORD-20240981,2024-05-18,Pooja Nair,Home Office,Central,Electronics,Bluetooth Speaker,49.99,3,0.1,Debit Card,Cancelled
ORD-20240982,2024-03-03,Emma Davis,Home Office,South,Home Appliances,Air Fryer,99.99,3,0.05,Debit Card,Completed
ORD-20240983,11/23/2024,Ava Anderson,Home Office,North,Furniture,Bookshelf,120.0,5,0.0,PayPal,Completed
ORD-20240984,2024-11-05,Olivia Taylor,Consumer,South,Home Appliances,Air Fryer,99.99,5,0.0,Debit Card,Completed
ORD-20240985,2024-06-02,Ava Anderson,Home Office,Central,Clothing,Running Shoes,110.0,2,0.2,Debit Card,Pending
ORD-20240986,2024-03-15,Emma Davis,Consumer,South,Clothing,Running Shoes,110.0,2,0.1,Debit Card,Completed
ORD-20240987,2024-02-21,Ananya Verma,Corporate,East,Office Supplies,Binder Clips Set,8.5,5,0.15,Debit Card,Pending
ORD-20240988,2024-05-25,Priya Patel,Home Office,North,Home Appliances,Blender Pro,79.99,2,0.1,Debit Card,Completed
ORD-20240989,2024-08-27,Meera Rao,Home Office,North,Office Supplies,Binder Clips Set,8.5,4,0.2,PayPal,Completed
ORD-20240990,2024-02-02,Vikram Singh,Corporate,Central,Clothing,Cotton T-Shirt,25.0,1,0.0,UPI / Bank Transfer,Completed
ORD-20240991,2024-11-26,Liam Wilson,Home Office,South,Office Supplies,Stapler Heavy Duty,24.0,3,0.1,UPI / Bank Transfer,Completed
ORD-20240992,2024-10-24,Neha Reddy,Consumer,  north ,Home Appliances,Blender Pro,79.99,1,0.0,Credit Card,Cancelled
ORD-20240993,2024-12-13,Neha Reddy,Home Office,North,Clothing,Running Shoes,110.0,3,0.15,Debit Card,Pending
ORD-20240994,2024-02-01,Meera Rao,Home Office,North,Electronics,Wireless Headphones,89.99,2,0.1,Credit Card,Completed
ORD-20240995,2024-08-18,Olivia Taylor,Corporate,South,Home Appliances,Electric Kettle,39.99,2,0.05,UPI / Bank Transfer,Completed
ORD-20240996,2024-08-10,Ananya Verma,Consumer,  central ,Clothing,Denim Jacket,65.0,3,0.05,Credit Card,Pending
ORD-20240997,2024-07-03,Liam Wilson,Corporate,North,Home Appliances,Electric Kettle,39.99,3,0.05,PayPal,Pending
ORD-20240998,2024-08-30,Rohan Gupta,Corporate,Central,Furniture,Leather Sofa,899.0,2,0.15,Debit Card,Cancelled
ORD-20240999,2024-10-18,Sneha Iyer,Consumer,North,Home Appliances,Robot Vacuum,349.99,1,0.05,UPI / Bank Transfer,Completed
ORD-20241000,2024-05-28,Neha Reddy,Corporate,East,Furniture,Desk Lamp,35.0,4,0.2,Credit Card,Returned
ORD-20241001,2024-09-22,Emma Davis,Home Office,West,Home Appliances,Robot Vacuum,349.99,4,0.15,Credit Card,Returned
ORD-20241002,2024-05-14,Amit Choudhury,Consumer,West,Electronics,Bluetooth Speaker,49.99,2,0.2,PayPal,Completed
ORD-20241003,2024-06-17,Noah Martinez,Home Office,West,Electronics,Smart Watch,,4,0.0,Credit Card,Completed
ORD-20241004,2024-11-02,Karan Malhotra,Home Office,West,Electronics,USB-C Dock,75.5,4,0.0,Credit Card,Completed
ORD-20241005,2024-04-25,Sneha Iyer,Consumer,East,Office Supplies,Planner Notebook,18.0,2,0.05,Credit Card,Completed
ORD-20241006,2024-07-13,Siddharth Kaplan,Home Office,West,Electronics,USB-C Dock,75.5,2,0.15,PayPal,Completed
ORD-20241007,2024-02-29,Sophia Miller,Consumer,East,Home Appliances,Robot Vacuum,349.99,2,0.0,PayPal,Completed
ORD-20241008,2024-04-26,Aarav Sharma,Home Office,North,Home Appliances,Electric Kettle,39.99,2,0.0,PayPal,Pending
ORD-20241009,2024-03-05,Sneha Iyer,Corporate,East,Furniture,Ergonomic Chair,249.99,2,0.15,PayPal,Returned
ORD-20241010,2024-03-03,Meera Rao,Consumer,Central,Electronics,Bluetooth Speaker,49.99,2,0.1,Debit Card,Cancelled
ORD-20241011,2024-10-09,Emma Davis,Home Office,East,Clothing,Formal Blazer,180.0,1,0.1,Credit Card,Completed
ORD-20241012,2024-12-27,Vikram Singh,Home Office,North,Office Supplies,Binder Clips Set,8.5,5,0.2,PayPal,Completed
ORD-20241013,2024-07-09,Ethan Brown,Consumer,South,Clothing,Denim Jacket,65.0,3,0.0,Credit Card,Completed
ORD-20241014,2024-10-28,Siddharth Kaplan,Corporate,East,Electronics,Wireless Headphones,89.99,2,0.15,Credit Card,Pending
ORD-20241015,2024-01-23,Pooja Nair,Consumer,West,Office Supplies,Gel Pens Set,12.99,1,0.2,UPI / Bank Transfer,Completed
ORD-20241016,2024-06-21,Amit Choudhury,Home Office,South,Furniture,Leather Sofa,899.0,4,0.15,Debit Card,Pending
ORD-20241017,2024-01-30,Emma Davis,Corporate,East,Home Appliances,Blender Pro,79.99,3,0.2,Debit Card,Returned
ORD-20241018,2024-05-13,Aarav Sharma,Corporate,South,Office Supplies,Planner Notebook,18.0,1,0.05,UPI / Bank Transfer,Completed
ORD-20241019,05/31/2024,Karan Malhotra,Home Office,Central,Office Supplies,Paper Reams (5-pack),22.5,1,0.2,UPI / Bank Transfer,Pending
ORD-20241020,2024-06-06,Aarav Sharma,Corporate,South,Furniture,Bookshelf,120.0,2,0.0,Credit Card,Completed
ORD-20241021,2024-09-02,Rohan Gupta,Corporate,West,Home Appliances,Espresso Machine,299.99,2,0.15,UPI / Bank Transfer,Completed
ORD-20241022,2024-05-21,Vikram Singh,Home Office,South,Office Supplies,Gel Pens Set,12.99,1,0.0,Credit Card,Completed
ORD-20241023,2024-04-04,Sneha Iyer,Consumer,  east ,Office Supplies,Stapler Heavy Duty,24.0,2,0.0,UPI / Bank Transfer,Completed
ORD-20241024,2024-06-29,Rohan Gupta,Home Office,South,Electronics,USB-C Dock,75.5,2,0.2,Debit Card,Completed
ORD-20241025,2024-04-14,Pooja Nair,Consumer,North,Furniture,Desk Lamp,35.0,1,0.2,Credit Card,Completed
ORD-20241026,2024-06-20,Neha Reddy,Corporate,East,Furniture,Desk Lamp,35.0,5,0.05,Credit Card,Completed
ORD-20241027,2024-01-14,Liam Wilson,Home Office,Central,Clothing,Cotton T-Shirt,25.0,1,0.15,UPI / Bank Transfer,Completed
ORD-20241028,2024-01-17,Sneha Iyer,Home Office,North,Clothing,Winter Parka,150.0,2,0.0,Debit Card,Returned
ORD-20241029,2024-09-27,Amit Choudhury,Corporate,Central,Home Appliances,Blender Pro,79.99,3,0.2,PayPal,Pending
ORD-20241030,2024-05-04,Ananya Verma,Home Office,West,Furniture,Standing Desk,450.0,1,0.15,PayPal,Completed
ORD-20241031,2024-06-29,Ethan Brown,Corporate,West,Electronics,Bluetooth Speaker,49.99,2,0.05,PayPal,Returned
ORD-20241032,2024-05-05,Pooja Nair,Corporate,South,Office Supplies,Stapler Heavy Duty,,3,0.0,UPI / Bank Transfer,Completed
ORD-20241033,2024-09-15,Ethan Brown,Consumer,South,Home Appliances,Blender Pro,79.99,5,0.15,PayPal,Completed
ORD-20241034,2024-10-10,Sophia Miller,Consumer,South,Office Supplies,Paper Reams (5-pack),22.5,3,0.05,PayPal,Completed
ORD-20241035,2024-09-28,Emma Davis,Consumer,South,Office Supplies,Binder Clips Set,8.5,4,0.1,UPI / Bank Transfer,Completed
ORD-20241036,2024-06-21,Meera Rao,Corporate,North,Home Appliances,Air Fryer,99.99,2,0.15,Debit Card,Cancelled
ORD-20241037,2024-08-11,Noah Martinez,Home Office,South,Office Supplies,Gel Pens Set,12.99,1,0.0,Credit Card,Completed
ORD-20241038,2024-07-08,Liam Wilson,Home Office,East,Office Supplies,Planner Notebook,18.0,2,0.0,UPI / Bank Transfer,Pending
ORD-20241039,2024-09-09,Sophia Miller,Corporate,Central,Home Appliances,Electric Kettle,39.99,1,0.1,UPI / Bank Transfer,Completed
ORD-20241040,2024-03-14,Ava Anderson,Corporate,Central,Clothing,Winter Parka,150.0,1,0.1,Credit Card,Completed
ORD-20241041,2024-05-27,Karan Malhotra,Home Office,South,Office Supplies,Gel Pens Set,12.99,1,0.1,Credit Card,Completed
ORD-20241042,2024-04-15,Priya Patel,Home Office,North,Home Appliances,Espresso Machine,299.99,2,0.15,PayPal,Completed
ORD-20241043,2024-01-14,Liam Wilson,Consumer,West,Furniture,Leather Sofa,899.0,2,0.0,Debit Card,Completed
ORD-20241044,2024-03-02,Vikram Singh,Corporate,East,Office Supplies,Planner Notebook,18.0,2,0.0,Credit Card,Completed
ORD-20241045,2024-04-23,Ethan Brown,Home Office,Central,Furniture,Standing Desk,450.0,3,0.1,Credit Card,Cancelled
ORD-20241046,2024-01-20,Priya Patel,Home Office,South,Home Appliances,Robot Vacuum,349.99,2,0.05,Credit Card,Completed
ORD-20241047,2024-04-22,Neha Reddy,Home Office,South,Furniture,Desk Lamp,35.0,2,0.05,Debit Card,Completed
ORD-20241048,02/15/2024,Emma Davis,Home Office,West,Clothing,Denim Jacket,65.0,5,0.05,PayPal,Cancelled
ORD-20241049,2024-12-18,Olivia Taylor,Home Office,South,Office Supplies,Stapler Heavy Duty,24.0,2,0.05,PayPal,Completed
ORD-20241050,2024-12-08,Pooja Nair,Consumer,East,Office Supplies,Stapler Heavy Duty,24.0,3,0.1,PayPal,Completed
ORD-20241051,2024-08-16,Amit Choudhury,Home Office,South,Office Supplies,Paper Reams (5-pack),22.5,1,0.15,Credit Card,Completed
ORD-20241052,2024-09-04,Aarav Sharma,Corporate,West,Office Supplies,Stapler Heavy Duty,24.0,3,0.05,UPI / Bank Transfer,Returned
ORD-20241053,2024-07-28,Ethan Brown,Corporate,East,Furniture,Bookshelf,120.0,1,0.0,Debit Card,Completed
ORD-20241054,2024-04-22,Noah Martinez,Consumer,West,Electronics,Bluetooth Speaker,49.99,1,0.0,PayPal,Pending
ORD-20241055,2024-11-10,Aarav Sharma,Corporate,  central ,Clothing,Formal Blazer,180.0,4,0.1,Credit Card,Pending
ORD-20241056,2024-10-10,Rahul Joshi,Consumer,South,Electronics,USB-C Dock,75.5,1,0.05,Debit Card,Pending
ORD-20241057,2024-03-23,Sneha Iyer,Consumer,South,Furniture,Desk Lamp,35.0,4,0.0,Credit Card,Pending
ORD-20241058,09/26/2024,Pooja Nair,Consumer,North,Office Supplies,Planner Notebook,18.0,1,0.05,PayPal,Cancelled
ORD-20241059,2024-03-04,Karan Malhotra,Consumer,South,Office Supplies,Planner Notebook,18.0,3,0.2,Credit Card,Completed
ORD-20241060,2024-07-31,Noah Martinez,Corporate,South,Home Appliances,Electric Kettle,39.99,1,0.2,PayPal,Pending
ORD-20241061,2024-06-14,Ananya Verma,Corporate,East,Electronics,Bluetooth Speaker,49.99,2,0.1,Debit Card,Completed
ORD-20241062,2024-04-23,Emma Davis,Home Office,West,Home Appliances,Robot Vacuum,349.99,5,0.0,PayPal,Completed
ORD-20241063,2024-07-20,Aarav Sharma,Corporate,West,Home Appliances,Air Fryer,99.99,5,0.1,PayPal,Completed
ORD-20241064,2024-02-25,Neha Reddy,Consumer,North,Furniture,Standing Desk,450.0,2,0.05,Debit Card,Returned
ORD-20241065,2024-07-25,Priya Patel,Corporate,Central,Office Supplies,Stapler Heavy Duty,24.0,2,0.1,UPI / Bank Transfer,Completed
ORD-20241066,2024-03-18,Karan Malhotra,Home Office,West,Home Appliances,Electric Kettle,39.99,1,0.2,PayPal,Pending
ORD-20241067,2024-10-06,Liam Wilson,Home Office,West,Clothing,Cotton T-Shirt,25.0,2,0.15,Credit Card,Completed
ORD-20241068,07/11/2024,Neha Reddy,Consumer,Central,Electronics,Smart Watch,199.99,1,0.0,Debit Card,Pending
ORD-20241069,2024-08-05,Emma Davis,Corporate,South,Home Appliances,Blender Pro,79.99,2,0.1,Debit Card,Completed
ORD-20241070,2024-05-30,Meera Rao,Home Office,East,Furniture,Leather Sofa,899.0,3,0.1,PayPal,Completed
ORD-20241071,2024-04-14,Ethan Brown,Consumer,Central,Furniture,Leather Sofa,899.0,3,0.05,UPI / Bank Transfer,Cancelled
ORD-20241072,2024-08-30,Aarav Sharma,Corporate,South,Office Supplies,Gel Pens Set,12.99,1,0.0,PayPal,Completed
ORD-20241073,2024-06-18,Meera Rao,Home Office,Central,Home Appliances,Blender Pro,79.99,1,0.0,PayPal,Completed
ORD-20241074,2024-05-20,Siddharth Kaplan,Corporate,East,Office Supplies,Stapler Heavy Duty,24.0,1,0.2,PayPal,Completed
ORD-20241075,2024-04-20,Liam Wilson,Home Office,North,Furniture,Leather Sofa,899.0,1,0.2,Debit Card,Completed
ORD-20241076,2024-10-30,Sneha Iyer,Consumer,South,Home Appliances,Blender Pro,79.99,2,0.2,Credit Card,Pending
ORD-20241077,2024-03-25,Priya Patel,Consumer,North,Electronics,Bluetooth Speaker,49.99,2,0.15,Debit Card,Completed
ORD-20241078,2024-09-13,Siddharth Kaplan,Home Office,West,Clothing,Formal Blazer,180.0,3,0.1,Debit Card,Completed
ORD-20241079,2024-06-11,Karan Malhotra,Home Office,South,Home Appliances,Espresso Machine,299.99,2,0.15,PayPal,Pending
ORD-20241080,2024-09-07,Meera Rao,Consumer,Central,Furniture,Ergonomic Chair,249.99,2,0.1,Credit Card,Pending
ORD-20241081,2024-12-09,Rahul Joshi,Corporate,Central,Office Supplies,Gel Pens Set,12.99,3,0.0,UPI / Bank Transfer,Completed
ORD-20241082,07/03/2024,Meera Rao,Corporate,East,Electronics,USB-C Dock,75.5,2,0.1,Credit Card,Returned
ORD-20241083,2024-05-20,Priya Patel,Home Office,East,Office Supplies,Paper Reams (5-pack),22.5,2,0.15,Credit Card,Pending
ORD-20241084,2024-11-19,Priya Patel,Corporate,Central,Clothing,Winter Parka,150.0,3,0.05,Credit Card,Returned
ORD-20241085,2024-03-31,Ananya Verma,Consumer,West,Clothing,Denim Jacket,65.0,4,0.0,Debit Card,Cancelled
ORD-20241086,2024-10-05,Amit Choudhury,Home Office,North,Clothing,Formal Blazer,180.0,1,0.1,PayPal,Returned
ORD-20241087,2024-12-06,Liam Wilson,Consumer,South,Electronics,Wireless Headphones,89.99,3,0.05,UPI / Bank Transfer,Completed
ORD-20241088,2024-05-21,Aarav Sharma,Corporate,South,Home Appliances,Blender Pro,79.99,2,0.1,UPI / Bank Transfer,Returned
ORD-20241089,2024-08-26,Rohan Gupta,Consumer,West,Electronics,USB-C Dock,75.5,2,0.1,Credit Card,Completed
ORD-20241090,2024-01-11,Sneha Iyer,Corporate,East,Electronics,Smart Watch,199.99,3,0.05,PayPal,Cancelled
ORD-20241091,2024-07-13,Sophia Miller,Consumer,South,Clothing,Cotton T-Shirt,25.0,3,0.05,PayPal,Completed
ORD-20241092,2024-05-31,Noah Martinez,Corporate,North,Office Supplies,Binder Clips Set,8.5,1,,UPI / Bank Transfer,Pending
ORD-20241093,2024-11-19,Emma Davis,Home Office,Central,Clothing,Denim Jacket,65.0,4,0.15,PayPal,Cancelled
ORD-20241094,2024-12-15,Karan Malhotra,Consumer,Central,Clothing,Cotton T-Shirt,25.0,4,0.05,PayPal,Completed
ORD-20241095,2024-01-17,Noah Martinez,Corporate,West,Home Appliances,Espresso Machine,299.99,4,0.15,UPI / Bank Transfer,Returned
ORD-20241096,2024-01-18,Olivia Taylor,Corporate,North,Electronics,Bluetooth Speaker,49.99,1,0.0,UPI / Bank Transfer,Cancelled
ORD-20241097,2024-07-02,Ethan Brown,Home Office,South,Office Supplies,Stapler Heavy Duty,24.0,1,0.2,Debit Card,Returned
ORD-20241098,2024-07-23,Olivia Taylor,Home Office,East,Clothing,Cotton T-Shirt,25.0,2,0.0,Debit Card,Completed
ORD-20241099,2024-04-29,Karan Malhotra,Home Office,West,Home Appliances,Air Fryer,99.99,3,0.0,Debit Card,Returned
ORD-20241100,2024-03-26,,Consumer,South,Home Appliances,Electric Kettle,39.99,4,0.1,PayPal,Cancelled
ORD-20241101,2024-01-28,Neha Reddy,Corporate,East,Furniture,Standing Desk,450.0,5,0.05,Credit Card,Cancelled
ORD-20241102,2024-03-29,Sophia Miller,Consumer,South,Electronics,Smart Watch,199.99,1,0.2,PayPal,Completed
ORD-20241103,2024-07-10,Siddharth Kaplan,Home Office,North,Clothing,Cotton T-Shirt,25.0,1,0.15,PayPal,Completed
ORD-20241104,2024-12-27,Vikram Singh,Corporate,South,Electronics,4K Monitor,320.0,2,0.15,UPI / Bank Transfer,Completed
ORD-20241105,2024-09-30,Ava Anderson,Consumer,North,Office Supplies,Stapler Heavy Duty,24.0,1,0.1,PayPal,Completed
ORD-20241106,2024-01-01,Rahul Joshi,Consumer,South,Office Supplies,Paper Reams (5-pack),22.5,2,0.15,PayPal,Completed
ORD-20241107,2024-07-15,Olivia Taylor,Consumer,East,Office Supplies,Gel Pens Set,12.99,2,0.05,UPI / Bank Transfer,Completed
ORD-20241108,2024-12-15,Ananya Verma,Home Office,North,Electronics,4K Monitor,320.0,3,0.0,Debit Card,Pending
ORD-20241109,2024-03-06,Siddharth Kaplan,Corporate,North,Office Supplies,Planner Notebook,,2,0.15,Credit Card,Completed
ORD-20241110,2024-11-20,Amit Choudhury,Home Office,East,Office Supplies,Stapler Heavy Duty,24.0,2,0.05,UPI / Bank Transfer,Completed
ORD-20241111,2024-09-29,Noah Martinez,Corporate,North,Electronics,Smart Watch,199.99,3,0.2,PayPal,Returned
ORD-20241112,2024-08-20,Olivia Taylor,Corporate,North,Office Supplies,Binder Clips Set,8.5,2,0.2,UPI / Bank Transfer,Completed
ORD-20241113,2024-05-09,Pooja Nair,Corporate,Central,Furniture,Ergonomic Chair,249.99,2,0.15,Debit Card,Completed
ORD-20241114,2024-11-21,Siddharth Kaplan,Consumer,North,Electronics,Bluetooth Speaker,49.99,1,0.2,PayPal,Completed
ORD-20241115,2024-03-15,Ava Anderson,Consumer,East,Office Supplies,Binder Clips Set,8.5,2,0.0,Debit Card,Completed
ORD-20241116,01/20/2024,Rohan Gupta,Corporate,Central,Electronics,4K Monitor,320.0,1,0.15,UPI / Bank Transfer,Completed
ORD-20241117,2024-05-11,Noah Martinez,Corporate,North,Electronics,4K Monitor,320.0,3,0.2,UPI / Bank Transfer,Returned
ORD-20241118,2024-05-04,Sophia Miller,Corporate,Central,Electronics,Bluetooth Speaker,49.99,2,0.2,PayPal,Completed
ORD-20241119,2024-11-05,Rahul Joshi,Consumer,  east ,Clothing,Cotton T-Shirt,25.0,3,0.05,Debit Card,Cancelled
ORD-20241120,2024-08-24,Amit Choudhury,Consumer,South,Furniture,Ergonomic Chair,249.99,2,0.1,Credit Card,Returned
ORD-20241121,2024-11-07,Siddharth Kaplan,Corporate,Central,Home Appliances,Blender Pro,79.99,4,0.1,Credit Card,Completed
ORD-20241122,2024-08-15,Siddharth Kaplan,Corporate,Central,Office Supplies,Gel Pens Set,12.99,1,0.2,Debit Card,Completed
ORD-20241123,2024-11-19,Liam Wilson,Corporate,South,Furniture,Ergonomic Chair,249.99,3,0.1,UPI / Bank Transfer,Completed
ORD-20241124,2024-08-27,,Corporate,South,Home Appliances,Electric Kettle,39.99,1,0.0,Debit Card,Pending
ORD-20241125,2024-05-25,Vikram Singh,Corporate,West,Office Supplies,Gel Pens Set,12.99,2,0.15,Credit Card,Completed
ORD-20241126,2024-02-26,Meera Rao,Consumer,West,Clothing,Running Shoes,110.0,2,0.1,Debit Card,Returned
ORD-20241127,2024-07-04,Sneha Iyer,Corporate,Central,Furniture,Leather Sofa,899.0,2,0.15,Debit Card,Pending
ORD-20241128,2024-08-18,Amit Choudhury,Corporate,  east ,Clothing,Winter Parka,150.0,1,0.0,PayPal,Cancelled
ORD-20241129,2024-11-30,Ava Anderson,Consumer,South,Office Supplies,Planner Notebook,18.0,3,0.2,PayPal,Returned
ORD-20241130,2024-02-11,Neha Reddy,Home Office,East,Office Supplies,Paper Reams (5-pack),22.5,2,0.0,Debit Card,Cancelled
ORD-20241131,2024-01-12,Neha Reddy,Corporate,Central,Office Supplies,Stapler Heavy Duty,24.0,3,0.05,UPI / Bank Transfer,Cancelled
ORD-20241132,2024-12-30,Aarav Sharma,Consumer,East,Furniture,Standing Desk,450.0,5,0.05,Debit Card,Completed
ORD-20241133,2024-08-15,Ava Anderson,Corporate,Central,Clothing,Winter Parka,150.0,5,0.15,PayPal,Completed
ORD-20241134,2024-02-05,Siddharth Kaplan,Consumer,Central,Electronics,4K Monitor,320.0,1,0.2,Debit Card,Completed
ORD-20241135,2024-11-06,Priya Patel,Corporate,West,Home Appliances,Air Fryer,99.99,4,0.0,Debit Card,Pending
ORD-20241136,2024-09-18,Karan Malhotra,Home Office,North,Office Supplies,Planner Notebook,18.0,2,0.05,Credit Card,Cancelled
ORD-20241137,2024-12-02,Amit Choudhury,Home Office,South,Clothing,Winter Parka,150.0,3,0.15,Credit Card,Completed
ORD-20241138,2024-05-13,Noah Martinez,Corporate,West,Office Supplies,Binder Clips Set,8.5,1,0.05,Credit Card,Pending
ORD-20241139,2024-05-27,Pooja Nair,Home Office,East,Furniture,Leather Sofa,899.0,1,0.1,PayPal,Returned
ORD-20241140,2024-08-13,Siddharth Kaplan,Corporate,South,Clothing,Running Shoes,,2,0.05,PayPal,Completed
ORD-20241141,2024-03-16,Liam Wilson,Corporate,Central,Furniture,Bookshelf,120.0,2,0.05,Debit Card,Returned
ORD-20241142,2024-11-25,Olivia Taylor,Home Office,Central,Home Appliances,Robot Vacuum,349.99,2,0.2,PayPal,Pending
ORD-20241143,2024-09-04,Rahul Joshi,Consumer,East,Electronics,Wireless Headphones,89.99,4,0.2,PayPal,Completed
ORD-20241144,2024-03-02,Aarav Sharma,Home Office,West,Furniture,Desk Lamp,35.0,2,0.05,PayPal,Cancelled
ORD-20241145,2024-01-17,Emma Davis,Home Office,Central,Electronics,Bluetooth Speaker,49.99,2,0.0,Credit Card,Pending
ORD-20241146,2024-09-24,Ethan Brown,Consumer,South,Furniture,Standing Desk,450.0,1,0.1,Credit Card,Returned
ORD-20241147,2024-02-16,Rahul Joshi,Consumer,Central,Electronics,Smart Watch,199.99,3,0.2,PayPal,Returned
ORD-20241148,2024-02-20,Ananya Verma,Corporate,North,Electronics,Bluetooth Speaker,49.99,2,0.05,Credit Card,Completed
ORD-20241149,2024-10-28,Sophia Miller,Consumer,  central ,Office Supplies,Binder Clips Set,8.5,1,0.05,Debit Card,Pending
ORD-20241150,2024-11-21,Ava Anderson,Corporate,East,Office Supplies,Paper Reams (5-pack),22.5,4,0.05,Debit Card,Cancelled
ORD-20241151,2024-09-04,Karan Malhotra,Home Office,Central,Furniture,Bookshelf,120.0,2,0.15,UPI / Bank Transfer,Cancelled
ORD-20241152,2024-04-03,Neha Reddy,Consumer,West,Furniture,Leather Sofa,899.0,2,0.1,Debit Card,Cancelled
ORD-20241153,2024-08-14,Sneha Iyer,Consumer,South,Home Appliances,Espresso Machine,299.99,1,0.1,UPI / Bank Transfer,Returned
ORD-20241154,2024-09-28,Vikram Singh,Corporate,South,Furniture,Leather Sofa,899.0,2,0.15,PayPal,Completed
ORD-20241155,2024-03-21,Ava Anderson,Corporate,Central,Clothing,Cotton T-Shirt,25.0,2,0.1,UPI / Bank Transfer,Completed
ORD-20241156,2024-06-04,Amit Choudhury,Corporate,East,Furniture,Bookshelf,120.0,2,0.2,UPI / Bank Transfer,Completed
ORD-20241157,2024-08-01,Vikram Singh,Corporate,West,Office Supplies,Paper Reams (5-pack),22.5,1,0.05,UPI / Bank Transfer,Completed
ORD-20241158,2024-05-11,Siddharth Kaplan,Corporate,East,Furniture,Ergonomic Chair,249.99,1,0.05,PayPal,Pending
ORD-20241159,2024-08-13,Olivia Taylor,Home Office,South,Electronics,Wireless Headphones,89.99,4,0.15,Debit Card,Completed
ORD-20241160,2024-12-27,Ananya Verma,Consumer,Central,Furniture,Leather Sofa,899.0,3,0.2,UPI / Bank Transfer,Completed
ORD-20241161,2024-05-25,Sophia Miller,Consumer,East,Clothing,Denim Jacket,65.0,1,0.1,PayPal,Returned
ORD-20241162,2024-10-14,Karan Malhotra,Home Office,Central,Clothing,Cotton T-Shirt,25.0,1,0.0,UPI / Bank Transfer,Cancelled
ORD-20241163,2024-02-04,Rahul Joshi,Consumer,West,Furniture,Bookshelf,120.0,4,0.05,UPI / Bank Transfer,Completed
ORD-20241164,2024-06-19,Aarav Sharma,Consumer,Central,Furniture,Bookshelf,120.0,1,0.15,Credit Card,Cancelled
ORD-20241165,2024-09-06,Noah Martinez,Corporate,Central,Home Appliances,Air Fryer,99.99,3,0.1,Credit Card,Returned
ORD-20241166,2024-09-08,Emma Davis,Consumer,North,Furniture,Ergonomic Chair,249.99,1,0.2,PayPal,Pending
ORD-20241167,2024-02-14,Sophia Miller,Corporate,South,Office Supplies,Stapler Heavy Duty,24.0,2,0.05,Debit Card,Completed
ORD-20241168,02/07/2024,Sophia Miller,Consumer,West,Home Appliances,Robot Vacuum,349.99,1,0.1,Debit Card,Returned
ORD-20241169,2024-07-18,Sneha Iyer,Home Office,West,Clothing,Cotton T-Shirt,25.0,1,0.15,UPI / Bank Transfer,Returned
ORD-20241170,04/12/2024,Vikram Singh,Consumer,Central,Home Appliances,Robot Vacuum,349.99,3,0.0,UPI / Bank Transfer,Completed
ORD-20241171,2024-11-04,Rohan Gupta,Corporate,,Electronics,Smart Watch,199.99,5,0.05,UPI / Bank Transfer,Completed
ORD-20241172,03/24/2024,Aarav Sharma,Consumer,South,Furniture,Standing Desk,450.0,2,0.15,Debit Card,Completed
ORD-20241173,2024-04-16,Siddharth Kaplan,Home Office,West,Office Supplies,Planner Notebook,18.0,2,0.05,Credit Card,Completed
ORD-20241174,2024-10-23,Olivia Taylor,Home Office,South,Electronics,Smart Watch,199.99,3,0.1,UPI / Bank Transfer,Cancelled
ORD-20241175,2024-04-17,Ananya Verma,Corporate,West,Home Appliances,Robot Vacuum,349.99,5,0.15,Credit Card,Completed
ORD-20241176,2024-07-23,Rohan Gupta,Corporate,East,Electronics,Bluetooth Speaker,49.99,5,0.0,UPI / Bank Transfer,Completed
ORD-20241177,2024-07-18,Sneha Iyer,Consumer,  east ,Electronics,Bluetooth Speaker,49.99,4,0.2,Credit Card,Completed
ORD-20241178,2024-12-21,Pooja Nair,Corporate,Central,Electronics,Wireless Headphones,89.99,3,0.05,Debit Card,Pending
ORD-20241179,2024-03-30,Ananya Verma,Consumer,East,Clothing,Running Shoes,,4,0.05,Credit Card,Completed
ORD-20241180,2024-11-16,Aarav Sharma,Corporate,  east ,Furniture,Leather Sofa,899.0,3,0.0,Credit Card,Completed
ORD-20241181,2024-03-14,Liam Wilson,Consumer,West,Electronics,USB-C Dock,75.5,4,0.0,PayPal,Completed
ORD-20241182,2024-04-24,Sophia Miller,Home Office,West,Electronics,Wireless Headphones,89.99,1,0.2,Debit Card,Completed
ORD-20241183,2024-01-01,Emma Davis,Corporate,South,Office Supplies,Binder Clips Set,8.5,1,0.15,Credit Card,Completed
ORD-20241184,2024-10-19,Vikram Singh,Consumer,South,Clothing,Formal Blazer,180.0,1,0.0,Credit Card,Cancelled
ORD-20241185,2024-05-24,Pooja Nair,Corporate,South,Electronics,Smart Watch,199.99,4,0.2,Debit Card,Cancelled
ORD-20241186,2024-10-22,Vikram Singh,Home Office,East,Furniture,Standing Desk,450.0,5,0.15,Credit Card,Cancelled
ORD-20241187,2024-04-11,Sneha Iyer,Consumer,North,Electronics,Smart Watch,199.99,5,0.0,Debit Card,Completed
ORD-20241188,2024-09-04,Rahul Joshi,Corporate,West,Clothing,Formal Blazer,180.0,4,0.15,UPI / Bank Transfer,Returned
ORD-20241189,2024-05-23,Neha Reddy,Corporate,East,Home Appliances,Robot Vacuum,349.99,2,0.15,UPI / Bank Transfer,Pending
ORD-20241190,2024-08-21,Meera Rao,Corporate,East,Furniture,Leather Sofa,899.0,2,0.05,Credit Card,Returned
ORD-20241191,2024-08-22,Meera Rao,Corporate,East,Electronics,USB-C Dock,75.5,3,0.2,Debit Card,Completed
ORD-20241192,2024-02-12,Liam Wilson,Consumer,West,Home Appliances,Espresso Machine,299.99,5,0.05,PayPal,Pending
ORD-20241193,2024-04-11,Noah Martinez,Home Office,Central,Furniture,Leather Sofa,899.0,3,0.2,Credit Card,Pending
ORD-20241194,2024-04-27,Neha Reddy,Home Office,East,Home Appliances,Espresso Machine,,2,0.05,PayPal,Pending
ORD-20241195,2024-11-08,Siddharth Kaplan,Corporate,North,Clothing,Cotton T-Shirt,25.0,3,0.15,Debit Card,Returned
ORD-20241196,2024-08-27,Emma Davis,Home Office,North,Furniture,Ergonomic Chair,249.99,1,0.2,UPI / Bank Transfer,Completed
ORD-20241197,2024-02-04,Neha Reddy,Consumer,South,Office Supplies,Gel Pens Set,12.99,1,0.05,Debit Card,Pending
ORD-20241198,2024-07-19,Karan Malhotra,Consumer,North,Clothing,Cotton T-Shirt,25.0,2,0.2,Debit Card,Completed
ORD-20241199,2024-03-18,Ananya Verma,Home Office,  east ,Clothing,Cotton T-Shirt,25.0,1,0.0,UPI / Bank Transfer,Returned
ORD-20241200,2024-11-02,Ava Anderson,Corporate,North,Office Supplies,Binder Clips Set,8.5,3,0.1,PayPal,Completed
ORD-20241201,2024-01-21,Neha Reddy,Home Office,West,Furniture,Ergonomic Chair,249.99,2,0.1,Debit Card,Pending
ORD-20241202,2024-02-22,Olivia Taylor,Home Office,East,Home Appliances,Electric Kettle,39.99,1,0.0,Debit Card,Completed
ORD-20241203,2024-05-23,Karan Malhotra,Corporate,Central,Furniture,Bookshelf,120.0,3,0.0,Credit Card,Completed
ORD-20241204,2024-09-05,,Consumer,Central,Office Supplies,Gel Pens Set,12.99,1,0.2,Debit Card,Returned
ORD-20241205,2024-07-11,Ananya Verma,Home Office,Central,Office Supplies,Paper Reams (5-pack),22.5,2,0.05,Credit Card,Completed
ORD-20241206,2024-12-10,,Corporate,West,Home Appliances,Blender Pro,79.99,4,0.15,Debit Card,Pending
ORD-20241207,2024-09-24,Neha Reddy,Consumer,North,Office Supplies,Planner Notebook,18.0,1,0.1,UPI / Bank Transfer,Completed
ORD-20241208,2024-01-15,Sneha Iyer,Corporate,East,Furniture,Bookshelf,120.0,3,0.0,Debit Card,Pending
ORD-20241209,2024-12-23,Emma Davis,Home Office,South,Furniture,Standing Desk,450.0,5,0.15,UPI / Bank Transfer,Cancelled
ORD-20241210,2024-03-29,Sneha Iyer,Corporate,East,Electronics,Bluetooth Speaker,49.99,3,0.0,UPI / Bank Transfer,Completed
ORD-20241211,2024-06-09,Olivia Taylor,Corporate,South,Clothing,Winter Parka,150.0,2,0.15,UPI / Bank Transfer,Pending
ORD-20241212,2024-03-22,Pooja Nair,Home Office,North,Furniture,Ergonomic Chair,249.99,5,0.2,UPI / Bank Transfer,Pending
ORD-20241213,2024-07-22,Ava Anderson,Home Office,North,Electronics,Smart Watch,199.99,2,0.1,Debit Card,Pending
ORD-20241214,2024-06-23,Pooja Nair,Home Office,West,Office Supplies,Gel Pens Set,12.99,2,0.05,Credit Card,Completed
ORD-20241215,2024-01-21,Sneha Iyer,Consumer,North,Clothing,Cotton T-Shirt,25.0,1,0.05,PayPal,Completed
ORD-20241216,2024-05-31,Sophia Miller,Home Office,West,Electronics,USB-C Dock,75.5,1,0.05,PayPal,Completed
ORD-20241217,2024-10-24,Meera Rao,Corporate,East,Home Appliances,Blender Pro,79.99,2,0.1,Debit Card,Completed
ORD-20241218,2024-04-30,Sneha Iyer,Home Office,South,Furniture,Ergonomic Chair,249.99,1,0.2,PayPal,Completed
ORD-20241219,2024-10-01,Emma Davis,Consumer,East,Home Appliances,Espresso Machine,299.99,1,0.2,Debit Card,Completed
ORD-20241220,2024-08-23,Neha Reddy,Consumer,West,Office Supplies,Stapler Heavy Duty,24.0,2,0.0,Debit Card,Returned
ORD-20241221,2024-09-01,Karan Malhotra,Home Office,East,Clothing,Denim Jacket,65.0,4,0.0,UPI / Bank Transfer,Cancelled
ORD-20241222,2024-09-08,Pooja Nair,Home Office,South,Clothing,Winter Parka,150.0,2,0.05,UPI / Bank Transfer,Completed
ORD-20241223,2024-09-17,Aarav Sharma,Home Office,Central,Clothing,Formal Blazer,180.0,4,0.1,Credit Card,Cancelled
ORD-20241224,02/06/2024,Sneha Iyer,Home Office,South,Home Appliances,Blender Pro,79.99,2,0.05,PayPal,Pending
ORD-20241225,2024-09-10,Noah Martinez,Home Office,North,Furniture,Ergonomic Chair,249.99,3,0.15,Debit Card,Pending
ORD-20241226,2024-08-30,,Home Office,North,Furniture,Standing Desk,450.0,1,0.15,Debit Card,Completed
ORD-20241227,2024-05-13,Ananya Verma,Home Office,North,Clothing,Cotton T-Shirt,25.0,2,0.2,UPI / Bank Transfer,Completed
ORD-20241228,2024-10-12,Liam Wilson,Consumer,  south ,Furniture,Ergonomic Chair,249.99,1,0.15,Credit Card,Completed
ORD-20241229,2024-10-17,Olivia Taylor,Consumer,South,Electronics,Smart Watch,199.99,2,0.0,PayPal,Completed
ORD-20241230,03/20/2024,Neha Reddy,Home Office,West,Home Appliances,Espresso Machine,299.99,2,0.15,PayPal,Pending
ORD-20241231,2024-01-20,Neha Reddy,Home Office,East,Electronics,Bluetooth Speaker,49.99,4,0.15,PayPal,Completed
ORD-20241232,2024-03-20,Ethan Brown,Consumer,Central,Furniture,Desk Lamp,35.0,5,0.05,Credit Card,Completed
ORD-20241233,2024-05-02,Priya Patel,Corporate,  west ,Office Supplies,Gel Pens Set,12.99,5,0.2,Credit Card,Pending
ORD-20241234,2024-12-01,Liam Wilson,Corporate,Central,Home Appliances,Electric Kettle,39.99,3,0.1,PayPal,Completed
ORD-20241235,2024-04-11,Olivia Taylor,Consumer,West,Office Supplies,Planner Notebook,18.0,1,0.1,Debit Card,Completed
ORD-20241236,2024-11-08,Priya Patel,Consumer,North,Office Supplies,Binder Clips Set,8.5,3,0.2,Credit Card,Completed
ORD-20241237,2024-10-19,Pooja Nair,Corporate,  central ,Furniture,Ergonomic Chair,249.99,2,0.2,PayPal,Completed
ORD-20241238,2024-12-16,Priya Patel,Consumer,South,Home Appliances,Electric Kettle,39.99,5,0.05,Credit Card,Completed
ORD-20241239,2024-12-30,Ava Anderson,Consumer,South,Clothing,Winter Parka,150.0,3,0.05,Credit Card,Completed
ORD-20241240,2024-02-29,Siddharth Kaplan,Consumer,East,Electronics,Smart Watch,199.99,4,0.15,UPI / Bank Transfer,Pending
ORD-20241241,2024-03-13,Pooja Nair,Consumer,West,Home Appliances,Robot Vacuum,349.99,2,0.0,UPI / Bank Transfer,Completed
ORD-20241242,2024-07-30,Siddharth Kaplan,Consumer,East,Clothing,Winter Parka,150.0,2,0.05,Debit Card,Completed
ORD-20241243,2024-02-28,Neha Reddy,Home Office,South,Office Supplies,Paper Reams (5-pack),22.5,1,0.15,UPI / Bank Transfer,Cancelled
ORD-20241244,2024-05-26,Siddharth Kaplan,Consumer,North,Home Appliances,Robot Vacuum,349.99,1,0.15,Credit Card,Returned
ORD-20241245,2024-09-22,Priya Patel,Corporate,North,Office Supplies,Planner Notebook,18.0,5,0.0,PayPal,Completed
ORD-20241246,2024-11-11,Liam Wilson,Consumer,Central,Clothing,Winter Parka,150.0,3,0.1,PayPal,Cancelled
ORD-20241247,2024-01-08,Rahul Joshi,Home Office,South,Furniture,Bookshelf,120.0,4,0.15,Credit Card,Completed
ORD-20241248,2024-05-29,Ethan Brown,Consumer,South,Clothing,Running Shoes,110.0,2,0.05,Debit Card,Completed
ORD-20241249,2024-05-27,Rohan Gupta,Corporate,East,Clothing,Formal Blazer,180.0,2,0.05,Credit Card,Returned
ORD-20241250,2024-06-13,Aarav Sharma,Home Office,  south ,Clothing,Denim Jacket,65.0,2,0.15,Credit Card,Pending
ORD-20241251,2024-03-02,Olivia Taylor,Home Office,Central,Electronics,USB-C Dock,75.5,4,0.2,Debit Card,Completed
ORD-20241252,2024-05-01,Ethan Brown,Corporate,East,Home Appliances,Robot Vacuum,349.99,2,0.2,PayPal,Completed
ORD-20241253,2024-04-24,,Home Office,East,Clothing,Winter Parka,150.0,1,0.1,Credit Card,Completed
ORD-20241254,2024-08-23,Meera Rao,Consumer,West,Home Appliances,Espresso Machine,299.99,2,0.15,Debit Card,Completed
ORD-20241255,2024-08-19,Siddharth Kaplan,Consumer,East,Office Supplies,Planner Notebook,18.0,2,0.05,PayPal,Completed
ORD-20241256,2024-10-18,Sophia Miller,Corporate,West,Home Appliances,Robot Vacuum,349.99,1,0.15,UPI / Bank Transfer,Completed
ORD-20241257,2024-02-25,Rahul Joshi,Consumer,Central,Office Supplies,Binder Clips Set,8.5,2,0.05,UPI / Bank Transfer,Returned
ORD-20241258,2024-09-21,Neha Reddy,Corporate,South,Office Supplies,Paper Reams (5-pack),22.5,2,0.15,PayPal,Cancelled
ORD-20241259,2024-04-11,Vikram Singh,Corporate,South,Furniture,Desk Lamp,35.0,1,0.2,UPI / Bank Transfer,Returned
ORD-20241260,2024-11-17,Priya Patel,Corporate,  north ,Electronics,Wireless Headphones,89.99,5,0.1,Credit Card,Completed
ORD-20241261,2024-03-18,Amit Choudhury,Home Office,East,Furniture,Ergonomic Chair,249.99,5,0.1,Debit Card,Completed
ORD-20241262,2024-05-28,Ananya Verma,Home Office,South,Home Appliances,Espresso Machine,299.99,1,0.2,Debit Card,Completed
ORD-20241263,2024-08-28,Vikram Singh,Corporate,North,Furniture,Standing Desk,450.0,2,0.0,Credit Card,Pending
ORD-20241264,2024-07-14,Meera Rao,Corporate,North,Office Supplies,Gel Pens Set,12.99,2,0.0,PayPal,Completed
ORD-20241265,2024-12-09,Vikram Singh,Home Office,East,Furniture,Ergonomic Chair,249.99,3,0.15,UPI / Bank Transfer,Cancelled
ORD-20241266,2024-02-26,Rohan Gupta,Corporate,East,Clothing,Cotton T-Shirt,25.0,5,0.2,Debit Card,Completed
ORD-20241267,2024-08-01,Liam Wilson,Consumer,South,Furniture,Bookshelf,120.0,5,,Debit Card,Completed
ORD-20241268,2024-05-02,Karan Malhotra,Home Office,West,Furniture,Desk Lamp,35.0,3,0.0,Debit Card,Cancelled
ORD-20241269,01/17/2024,Siddharth Kaplan,Consumer,  central ,Home Appliances,Air Fryer,99.99,1,0.15,Debit Card,Completed
ORD-20241270,2024-12-10,Sophia Miller,Corporate,East,Office Supplies,Binder Clips Set,8.5,2,0.1,UPI / Bank Transfer,Completed
ORD-20241271,2024-10-09,Rohan Gupta,Home Office,North,Furniture,Bookshelf,120.0,1,0.2,UPI / Bank Transfer,Pending
ORD-20241272,2024-01-12,Rohan Gupta,Consumer,North,Electronics,Smart Watch,199.99,3,0.0,PayPal,Pending
ORD-20241273,2024-01-05,Ethan Brown,Home Office,North,Furniture,Leather Sofa,899.0,3,0.0,UPI / Bank Transfer,Pending
ORD-20241274,2024-01-29,Rohan Gupta,Consumer,South,Clothing,Denim Jacket,65.0,3,0.05,Debit Card,Pending
ORD-20241275,2024-02-10,Olivia Taylor,Home Office,West,Home Appliances,Espresso Machine,299.99,2,0.1,PayPal,Completed
ORD-20241276,2024-10-30,Rohan Gupta,Consumer,South,Electronics,4K Monitor,320.0,4,0.05,PayPal,Completed
ORD-20241277,2024-10-21,Amit Choudhury,Consumer,South,Electronics,Wireless Headphones,89.99,5,0.2,PayPal,Completed
ORD-20241278,2024-07-30,Meera Rao,Home Office,West,Furniture,Standing Desk,450.0,2,0.0,PayPal,Returned
ORD-20241279,2024-12-15,Meera Rao,Home Office,North,Clothing,Denim Jacket,65.0,2,0.15,Credit Card,Returned
ORD-20241280,2024-08-16,Meera Rao,Home Office,Central,Electronics,Bluetooth Speaker,49.99,1,0.1,Credit Card,Returned
ORD-20241281,2024-06-12,Olivia Taylor,Corporate,West,Office Supplies,Binder Clips Set,8.5,2,0.2,PayPal,Completed
ORD-20241282,2024-12-19,Siddharth Kaplan,Corporate,East,Office Supplies,Planner Notebook,18.0,3,0.05,Debit Card,Completed
ORD-20241283,2024-07-16,Vikram Singh,Corporate,East,Electronics,Smart Watch,199.99,2,0.15,UPI / Bank Transfer,Completed
ORD-20241284,2024-12-04,Aarav Sharma,Corporate,South,Clothing,Formal Blazer,180.0,5,0.1,Debit Card,Completed
ORD-20241285,2024-01-12,Rahul Joshi,Corporate,,Clothing,Cotton T-Shirt,25.0,2,,Debit Card,Completed
ORD-20241286,2024-03-22,Amit Choudhury,Home Office,North,Electronics,Bluetooth Speaker,49.99,2,0.1,Debit Card,Returned
ORD-20241287,2024-09-22,Pooja Nair,Home Office,  west ,Clothing,Winter Parka,150.0,4,0.1,PayPal,Completed
ORD-20241288,2024-08-07,Meera Rao,Home Office,Central,Home Appliances,Espresso Machine,299.99,2,0.2,PayPal,Completed
ORD-20241289,2024-02-02,,Home Office,South,Furniture,Desk Lamp,35.0,1,0.1,PayPal,Pending
ORD-20241290,2024-08-31,Rahul Joshi,Consumer,Central,Home Appliances,Robot Vacuum,349.99,3,0.2,UPI / Bank Transfer,Pending
ORD-20241291,2024-04-27,Olivia Taylor,Consumer,South,Home Appliances,Espresso Machine,299.99,3,0.0,UPI / Bank Transfer,Returned
ORD-20241292,2024-03-16,Karan Malhotra,Consumer,West,Electronics,USB-C Dock,75.5,2,0.05,Debit Card,Completed
ORD-20241293,2024-05-21,Aarav Sharma,Corporate,West,Furniture,Ergonomic Chair,249.99,3,0.2,UPI / Bank Transfer,Pending
ORD-20241294,2024-03-15,Emma Davis,Consumer,East,Furniture,Desk Lamp,35.0,3,0.2,PayPal,Returned
ORD-20241295,2024-02-01,Siddharth Kaplan,Corporate,Central,Clothing,Formal Blazer,180.0,3,0.1,Credit Card,Completed
ORD-20241296,2024-05-31,Vikram Singh,Corporate,East,Office Supplies,Paper Reams (5-pack),22.5,1,0.05,Debit Card,Returned
ORD-20241297,2024-06-09,Ava Anderson,Corporate,East,Furniture,Desk Lamp,35.0,1,0.2,UPI / Bank Transfer,Completed
ORD-20241298,2024-01-09,Amit Choudhury,Home Office,West,Furniture,Leather Sofa,899.0,1,0.0,Debit Card,Returned
ORD-20241299,2024-11-26,Priya Patel,Home Office,Central,Clothing,Cotton T-Shirt,25.0,3,0.2,UPI / Bank Transfer,Completed
ORD-20241300,2024-01-21,Rohan Gupta,Consumer,West,Electronics,Smart Watch,199.99,4,0.2,PayPal,Completed
ORD-20241301,2024-12-31,Amit Choudhury,Consumer,East,Furniture,Bookshelf,120.0,2,0.2,Debit Card,Completed
ORD-20241302,2024-08-01,Rahul Joshi,Corporate,Central,Office Supplies,Gel Pens Set,12.99,2,0.1,PayPal,Completed
ORD-20241303,2024-01-29,Sneha Iyer,Corporate,North,Home Appliances,Air Fryer,99.99,2,0.05,Credit Card,Completed
ORD-20241304,2024-03-19,Siddharth Kaplan,Consumer,East,Clothing,Formal Blazer,180.0,5,0.0,UPI / Bank Transfer,Completed
ORD-20241305,2024-12-22,Rahul Joshi,Consumer,South,Electronics,Wireless Headphones,89.99,3,0.1,Debit Card,Completed
ORD-20241306,2024-10-24,Emma Davis,Consumer,West,Home Appliances,Espresso Machine,299.99,4,0.2,UPI / Bank Transfer,Completed
ORD-20241307,2024-07-17,Amit Choudhury,Corporate,East,Clothing,Formal Blazer,180.0,1,0.1,Debit Card,Completed
ORD-20241308,2024-08-16,Priya Patel,Corporate,South,Home Appliances,Blender Pro,79.99,2,0.05,Credit Card,Cancelled
ORD-20241309,2024-10-18,Meera Rao,Corporate,Central,Furniture,Standing Desk,450.0,3,0.05,Credit Card,Cancelled
ORD-20241310,2024-05-09,Neha Reddy,Corporate,North,Electronics,Bluetooth Speaker,49.99,1,0.15,PayPal,Completed
ORD-20241311,2024-08-22,Ava Anderson,Corporate,West,Home Appliances,Espresso Machine,299.99,5,0.2,PayPal,Completed
ORD-20241312,2024-01-01,Aarav Sharma,Corporate,North,Home Appliances,Air Fryer,99.99,4,0.2,Debit Card,Completed
ORD-20241313,2024-02-19,Meera Rao,Consumer,West,Clothing,Running Shoes,110.0,1,0.0,UPI / Bank Transfer,Completed
ORD-20241314,01/18/2024,Rahul Joshi,Consumer,East,Furniture,Standing Desk,450.0,4,0.05,Credit Card,Completed
ORD-20241315,2024-02-14,Aarav Sharma,Home Office,Central,Office Supplies,Stapler Heavy Duty,24.0,3,0.05,Debit Card,Completed
ORD-20241316,2024-07-22,Ethan Brown,Corporate,West,Electronics,Wireless Headphones,89.99,2,0.2,PayPal,Completed
ORD-20241317,2024-12-02,,Consumer,West,Furniture,Bookshelf,120.0,1,0.05,UPI / Bank Transfer,Pending
ORD-20241318,2024-08-17,Olivia Taylor,Consumer,West,Electronics,USB-C Dock,75.5,3,0.1,Credit Card,Completed
ORD-20241319,2024-07-07,Meera Rao,Home Office,South,Office Supplies,Stapler Heavy Duty,24.0,2,0.1,PayPal,Completed
ORD-20241320,2024-10-24,Olivia Taylor,Home Office,East,Office Supplies,Binder Clips Set,8.5,2,0.15,Debit Card,Completed
ORD-20241321,2024-05-09,Emma Davis,Home Office,West,Furniture,Bookshelf,120.0,4,0.1,PayPal,Completed
ORD-20241322,2024-11-16,Noah Martinez,Consumer,South,Furniture,Leather Sofa,899.0,2,0.15,PayPal,Pending
ORD-20241323,2024-08-02,Noah Martinez,Consumer,North,Home Appliances,Electric Kettle,39.99,4,0.05,UPI / Bank Transfer,Returned
ORD-20241324,2024-12-16,Meera Rao,Home Office,North,Furniture,Desk Lamp,35.0,4,0.15,Debit Card,Returned
ORD-20241325,2024-06-28,Rahul Joshi,Home Office,West,Electronics,Smart Watch,199.99,3,0.2,Credit Card,Pending
ORD-20241326,09/10/2024,Pooja Nair,Consumer,South,Electronics,Bluetooth Speaker,49.99,1,0.05,Credit Card,Pending
ORD-20241327,01/16/2024,Ethan Brown,Consumer,North,Clothing,Running Shoes,110.0,1,0.15,Debit Card,Completed
ORD-20241328,2024-11-01,Ava Anderson,Home Office,South,Office Supplies,Binder Clips Set,8.5,3,0.2,Debit Card,Cancelled
ORD-20241329,2024-12-13,Karan Malhotra,Home Office,East,Electronics,4K Monitor,320.0,3,0.15,Debit Card,Pending
ORD-20241330,2024-02-20,Olivia Taylor,Consumer,East,Home Appliances,Electric Kettle,39.99,2,0.15,Debit Card,Completed
ORD-20241331,2024-02-14,Ananya Verma,Corporate,North,Home Appliances,Air Fryer,99.99,2,0.1,Debit Card,Cancelled
ORD-20241332,2024-08-28,Sophia Miller,Consumer,West,Furniture,Leather Sofa,899.0,1,0.05,Credit Card,Cancelled
ORD-20241333,2024-12-11,Ethan Brown,Corporate,North,Home Appliances,Blender Pro,79.99,4,0.2,Debit Card,Pending
ORD-20241334,2024-01-25,Ethan Brown,Corporate,West,Electronics,USB-C Dock,75.5,1,0.1,PayPal,Completed
ORD-20241335,2024-08-06,Sneha Iyer,Consumer,South,Clothing,Denim Jacket,65.0,1,0.05,Debit Card,Pending
ORD-20241336,2024-01-23,Sneha Iyer,Home Office,Central,Clothing,Cotton T-Shirt,25.0,1,0.0,Debit Card,Pending
ORD-20241337,2024-03-12,Meera Rao,Home Office,North,Home Appliances,Electric Kettle,39.99,1,0.2,Debit Card,Completed
ORD-20241338,2024-07-07,Sophia Miller,Home Office,  west ,Electronics,4K Monitor,320.0,2,0.0,Debit Card,Completed
ORD-20241339,2024-12-06,Vikram Singh,Consumer,South,Office Supplies,Stapler Heavy Duty,24.0,3,0.0,Credit Card,Completed
ORD-20241340,2024-12-06,Rohan Gupta,Home Office,Central,Home Appliances,Robot Vacuum,349.99,2,0.15,PayPal,Returned
ORD-20241341,2024-01-21,Siddharth Kaplan,Consumer,South,Clothing,Cotton T-Shirt,25.0,1,0.2,UPI / Bank Transfer,Completed
ORD-20241342,2024-02-27,Vikram Singh,Corporate,  central ,Furniture,Leather Sofa,899.0,2,0.15,PayPal,Pending
ORD-20241343,2024-04-06,Siddharth Kaplan,Home Office,South,Office Supplies,Planner Notebook,18.0,2,0.05,Credit Card,Completed
ORD-20241344,2024-03-15,Rohan Gupta,Home Office,Central,Electronics,4K Monitor,320.0,4,0.15,PayPal,Completed
ORD-20241345,2024-07-04,Priya Patel,Corporate,North,Furniture,Desk Lamp,35.0,4,0.05,Debit Card,Completed
ORD-20241346,2024-07-10,Liam Wilson,Corporate,South,Home Appliances,Espresso Machine,299.99,2,0.2,PayPal,Completed
ORD-20241347,2024-09-11,Emma Davis,Consumer,North,Office Supplies,Stapler Heavy Duty,,3,0.0,PayPal,Pending
ORD-20241348,2024-07-20,Pooja Nair,Corporate,Central,Furniture,Bookshelf,120.0,1,0.2,Debit Card,Completed
ORD-20241349,2024-12-15,Olivia Taylor,Corporate,West,Home Appliances,Espresso Machine,299.99,4,0.1,Credit Card,Completed
ORD-20241350,2024-05-27,Noah Martinez,Consumer,East,Clothing,Cotton T-Shirt,25.0,2,0.05,UPI / Bank Transfer,Completed
ORD-20241351,2024-09-22,Rahul Joshi,Home Office,Central,Furniture,Bookshelf,120.0,2,0.1,PayPal,Pending
ORD-20241352,2024-12-17,Ethan Brown,Home Office,East,Home Appliances,Electric Kettle,39.99,3,0.1,PayPal,Completed
ORD-20241353,2024-04-15,Siddharth Kaplan,Corporate,West,Furniture,Standing Desk,450.0,2,0.15,UPI / Bank Transfer,Returned
ORD-20241354,2024-03-15,Emma Davis,Corporate,North,Electronics,Bluetooth Speaker,49.99,1,0.05,Credit Card,Completed
ORD-20241355,2024-05-10,Liam Wilson,Home Office,Central,Office Supplies,Stapler Heavy Duty,24.0,4,0.1,Debit Card,Completed
ORD-20241356,2024-08-06,Siddharth Kaplan,Corporate,North,Office Supplies,Stapler Heavy Duty,24.0,2,,Credit Card,Completed
ORD-20241357,2024-01-28,Karan Malhotra,Consumer,North,Electronics,Bluetooth Speaker,49.99,1,0.15,Credit Card,Cancelled
ORD-20241358,2024-12-04,Karan Malhotra,Corporate,East,Electronics,Wireless Headphones,89.99,3,0.05,Debit Card,Completed
ORD-20241359,2024-11-05,Vikram Singh,Consumer,East,Furniture,Leather Sofa,899.0,3,0.05,UPI / Bank Transfer,Pending
ORD-20241360,2024-07-15,Ava Anderson,Corporate,South,Home Appliances,Air Fryer,99.99,1,0.0,Debit Card,Completed
ORD-20241361,2024-07-27,Sneha Iyer,Corporate,South,Office Supplies,Stapler Heavy Duty,24.0,1,0.05,Credit Card,Completed
ORD-20241362,2024-08-10,Ananya Verma,Consumer,West,Home Appliances,Blender Pro,79.99,2,0.15,Debit Card,Cancelled
ORD-20241363,2024-07-15,Rahul Joshi,Home Office,Central,Office Supplies,Paper Reams (5-pack),22.5,4,0.2,Debit Card,Completed
ORD-20241364,2024-01-11,Meera Rao,Consumer,West,Home Appliances,Blender Pro,79.99,2,0.15,Credit Card,Returned
ORD-20241365,2024-07-25,Pooja Nair,Consumer,West,Furniture,Bookshelf,120.0,1,0.15,Debit Card,Returned
ORD-20241366,12/17/2024,Aarav Sharma,Corporate,West,Clothing,Denim Jacket,65.0,5,0.15,UPI / Bank Transfer,Completed
ORD-20241367,2024-08-11,Sneha Iyer,Corporate,,Office Supplies,Paper Reams (5-pack),22.5,3,0.15,UPI / Bank Transfer,Completed
ORD-20241368,2024-04-22,Priya Patel,Corporate,Central,Home Appliances,Electric Kettle,39.99,4,0.05,UPI / Bank Transfer,Completed
ORD-20241369,2024-03-22,Karan Malhotra,Corporate,East,Home Appliances,Air Fryer,99.99,1,0.05,PayPal,Completed
ORD-20241370,2024-05-22,Liam Wilson,Consumer,West,Clothing,Running Shoes,110.0,4,0.0,PayPal,Pending
ORD-20241371,2024-10-20,Sophia Miller,Consumer,Central,Clothing,Cotton T-Shirt,25.0,2,0.05,PayPal,Completed
ORD-20241372,2024-02-09,Ethan Brown,Home Office,South,Electronics,Bluetooth Speaker,49.99,1,0.05,UPI / Bank Transfer,Cancelled
ORD-20241373,2024-04-05,Liam Wilson,Consumer,South,Electronics,Bluetooth Speaker,49.99,1,0.05,Credit Card,Completed
ORD-20241374,2024-08-28,Noah Martinez,Corporate,Central,Clothing,Running Shoes,110.0,1,0.15,Debit Card,Completed
ORD-20241375,2024-02-26,Siddharth Kaplan,Consumer,North,Clothing,Formal Blazer,180.0,3,0.15,Credit Card,Completed
ORD-20241376,2024-09-07,Liam Wilson,Corporate,Central,Office Supplies,Stapler Heavy Duty,24.0,2,0.2,UPI / Bank Transfer,Pending
ORD-20241377,2024-07-26,Olivia Taylor,Consumer,South,Home Appliances,Blender Pro,79.99,3,0.0,Credit Card,Completed
ORD-20241378,2024-07-07,Pooja Nair,Corporate,West,Electronics,USB-C Dock,75.5,3,0.15,Credit Card,Completed
ORD-20241379,2024-01-09,Vikram Singh,Home Office,Central,Clothing,Winter Parka,150.0,1,0.05,UPI / Bank Transfer,Completed
ORD-20241380,2024-04-26,Ethan Brown,Corporate,West,Furniture,Desk Lamp,35.0,4,0.05,PayPal,Completed
ORD-20241381,2024-01-27,Meera Rao,Corporate,East,Clothing,Denim Jacket,65.0,1,0.15,Debit Card,Cancelled
ORD-20241382,2024-05-30,Olivia Taylor,Consumer,  west ,Home Appliances,Electric Kettle,39.99,2,0.05,UPI / Bank Transfer,Completed
ORD-20241383,2024-09-16,Aarav Sharma,Home Office,Central,Electronics,Smart Watch,199.99,1,0.2,PayPal,Cancelled
ORD-20241384,2024-08-17,Pooja Nair,Corporate,East,Home Appliances,Blender Pro,79.99,2,0.2,Credit Card,Pending
ORD-20241385,2024-08-12,Emma Davis,Home Office,North,Office Supplies,Stapler Heavy Duty,24.0,3,0.15,Credit Card,Completed
ORD-20241386,2024-12-31,Rahul Joshi,Consumer,South,Furniture,Standing Desk,450.0,3,0.15,Debit Card,Completed
ORD-20241387,2024-01-23,Sophia Miller,Consumer,West,Clothing,Running Shoes,110.0,1,0.2,Debit Card,Returned
ORD-20241388,2024-04-17,Olivia Taylor,Consumer,North,Electronics,Smart Watch,199.99,1,0.05,PayPal,Completed
ORD-20241389,2024-09-09,Meera Rao,Corporate,Central,Office Supplies,Binder Clips Set,8.5,1,0.2,UPI / Bank Transfer,Returned
ORD-20241390,2024-06-18,Noah Martinez,Home Office,South,Furniture,Leather Sofa,899.0,2,0.2,UPI / Bank Transfer,Pending
ORD-20241391,2024-05-05,Liam Wilson,Corporate,West,Electronics,4K Monitor,320.0,1,0.15,Debit Card,Cancelled
ORD-20241392,2024-10-29,Sneha Iyer,Consumer,South,Furniture,Ergonomic Chair,249.99,1,0.0,Debit Card,Completed
ORD-20241393,2024-09-15,Rohan Gupta,Consumer,Central,Office Supplies,Planner Notebook,18.0,2,0.15,PayPal,Returned
ORD-20241394,2024-12-05,Sophia Miller,Consumer,West,Furniture,Ergonomic Chair,249.99,1,0.0,Debit Card,Completed
ORD-20241395,2024-07-08,,Home Office,West,Clothing,Winter Parka,150.0,1,0.15,PayPal,Completed
ORD-20241396,2024-05-26,Noah Martinez,Corporate,South,Clothing,Cotton T-Shirt,25.0,1,0.0,Credit Card,Completed
ORD-20241397,01/05/2024,Vikram Singh,Consumer,North,Office Supplies,Planner Notebook,18.0,1,0.05,Credit Card,Completed
ORD-20241398,2024-05-29,Neha Reddy,Corporate,Central,Furniture,Bookshelf,120.0,5,0.0,UPI / Bank Transfer,Completed
ORD-20241399,2024-02-12,Siddharth Kaplan,Corporate,South,Home Appliances,Air Fryer,99.99,5,0.2,Credit Card,Completed
ORD-20241400,2024-09-26,Ava Anderson,Corporate,South,Home Appliances,Robot Vacuum,349.99,1,0.2,PayPal,Cancelled
ORD-20241401,2024-11-06,Neha Reddy,Home Office,West,Furniture,Ergonomic Chair,249.99,2,0.15,Debit Card,Pending
ORD-20241402,2024-09-17,Pooja Nair,Home Office,South,Office Supplies,Planner Notebook,18.0,1,,UPI / Bank Transfer,Completed
ORD-20241403,2024-12-26,Vikram Singh,Consumer,Central,Electronics,Wireless Headphones,89.99,2,0.05,Debit Card,Completed
ORD-20241404,2024-05-24,Sophia Miller,Corporate,South,Furniture,Leather Sofa,899.0,3,0.2,Credit Card,Cancelled
ORD-20241405,06/03/2024,Siddharth Kaplan,Consumer,North,Clothing,Winter Parka,150.0,4,0.0,UPI / Bank Transfer,Completed
ORD-20241406,2024-05-09,Amit Choudhury,Corporate,West,Office Supplies,Planner Notebook,18.0,2,0.1,PayPal,Pending
ORD-20241407,2024-12-28,Neha Reddy,Corporate,  south ,Furniture,Leather Sofa,899.0,3,,Debit Card,Completed
ORD-20241408,2024-06-20,Karan Malhotra,Consumer,Central,Clothing,Running Shoes,110.0,1,0.0,PayPal,Completed
ORD-20241409,2024-11-19,Ananya Verma,Corporate,East,Furniture,Leather Sofa,899.0,3,,PayPal,Completed
ORD-20241410,2024-12-03,Liam Wilson,Home Office,Central,Home Appliances,Robot Vacuum,349.99,5,0.0,PayPal,Completed
ORD-20241411,2024-10-29,Aarav Sharma,Corporate,North,Home Appliances,Blender Pro,79.99,2,0.15,Credit Card,Completed
ORD-20241412,2024-11-07,,Home Office,South,Furniture,Leather Sofa,899.0,3,0.05,Credit Card,Pending
ORD-20241413,2024-10-23,Sneha Iyer,Corporate,Central,Furniture,Ergonomic Chair,249.99,1,0.0,PayPal,Completed
ORD-20241414,2024-02-08,Aarav Sharma,Home Office,Central,Furniture,Leather Sofa,899.0,3,0.2,UPI / Bank Transfer,Pending
ORD-20241415,2024-09-11,Ananya Verma,Consumer,Central,Clothing,Formal Blazer,180.0,5,0.1,Debit Card,Returned
ORD-20241416,2024-12-01,Olivia Taylor,Consumer,East,Office Supplies,Paper Reams (5-pack),22.5,2,0.1,Credit Card,Completed
ORD-20241417,2024-05-29,Neha Reddy,Corporate,West,Office Supplies,Gel Pens Set,12.99,2,0.1,Credit Card,Pending
ORD-20241418,2024-10-04,Aarav Sharma,Consumer,South,Electronics,Wireless Headphones,89.99,2,0.1,Credit Card,Pending
ORD-20241419,2024-02-28,Emma Davis,Corporate,Central,Furniture,Ergonomic Chair,249.99,3,0.2,Credit Card,Completed
ORD-20241420,2024-02-12,Rahul Joshi,Home Office,South,Electronics,Bluetooth Speaker,49.99,2,0.0,UPI / Bank Transfer,Cancelled
ORD-20241421,11/13/2024,Neha Reddy,Home Office,South,Electronics,Wireless Headphones,89.99,4,0.1,PayPal,Completed
ORD-20241422,2024-07-18,Siddharth Kaplan,Consumer,Central,Office Supplies,Paper Reams (5-pack),22.5,3,0.2,PayPal,Completed
ORD-20241423,2024-10-27,Ethan Brown,Corporate,West,Electronics,Smart Watch,199.99,3,0.1,UPI / Bank Transfer,Cancelled
ORD-20241424,2024-01-22,Meera Rao,Home Office,Central,Clothing,Denim Jacket,65.0,1,0.0,UPI / Bank Transfer,Completed
ORD-20241425,2024-08-25,Ananya Verma,Home Office,Central,Electronics,USB-C Dock,75.5,1,0.15,PayPal,Completed
ORD-20241426,2024-10-09,Amit Choudhury,Consumer,Central,Furniture,Ergonomic Chair,,3,0.15,UPI / Bank Transfer,Returned
ORD-20241427,2024-02-24,Vikram Singh,Corporate,East,Furniture,Standing Desk,,1,0.15,UPI / Bank Transfer,Pending
ORD-20241428,2024-09-28,Aarav Sharma,Corporate,East,Office Supplies,Binder Clips Set,8.5,2,0.0,UPI / Bank Transfer,Completed
ORD-20241429,2024-09-25,Karan Malhotra,Corporate,North,Electronics,Bluetooth Speaker,49.99,2,0.05,UPI / Bank Transfer,Completed
ORD-20241430,2024-10-25,Emma Davis,Home Office,East,Clothing,Denim Jacket,65.0,3,0.2,Credit Card,Pending
ORD-20241431,2024-12-19,Priya Patel,Corporate,North,Home Appliances,Robot Vacuum,349.99,3,0.1,Debit Card,Completed
ORD-20241432,2024-01-27,Olivia Taylor,Consumer,North,Electronics,USB-C Dock,75.5,1,0.1,Debit Card,Pending
ORD-20241433,2024-02-24,Neha Reddy,Consumer,South,Home Appliances,Electric Kettle,39.99,1,0.0,Credit Card,Cancelled
ORD-20241434,2024-12-28,Liam Wilson,Corporate,  west ,Home Appliances,Espresso Machine,299.99,2,0.2,PayPal,Completed
ORD-20241435,2024-08-08,Vikram Singh,Corporate,Central,Office Supplies,Gel Pens Set,12.99,1,0.1,Debit Card,Returned
ORD-20241436,2024-11-11,Olivia Taylor,Consumer,East,Electronics,4K Monitor,320.0,5,0.2,Credit Card,Completed
ORD-20241437,2024-05-09,Sneha Iyer,Consumer,Central,Home Appliances,Espresso Machine,299.99,2,0.05,Credit Card,Completed
ORD-20241438,2024-02-06,Noah Martinez,Consumer,East,Clothing,Running Shoes,110.0,2,0.0,PayPal,Cancelled
ORD-20241439,2024-01-08,Ananya Verma,Corporate,West,Furniture,Standing Desk,450.0,2,0.15,UPI / Bank Transfer,Completed
ORD-20241440,2024-12-14,Rahul Joshi,Home Office,South,Clothing,Running Shoes,110.0,2,0.15,PayPal,Completed
ORD-20241441,2024-08-11,Priya Patel,Home Office,West,Electronics,4K Monitor,320.0,1,0.1,Debit Card,Returned
ORD-20241442,2024-02-26,Aarav Sharma,Corporate,East,Clothing,Cotton T-Shirt,25.0,4,0.15,Credit Card,Returned
ORD-20241443,2024-11-25,Karan Malhotra,Consumer,West,Clothing,Cotton T-Shirt,25.0,2,0.15,Debit Card,Completed
ORD-20241444,2024-01-09,Emma Davis,Home Office,South,Office Supplies,Planner Notebook,18.0,3,0.1,PayPal,Completed
ORD-20241445,2024-09-24,Siddharth Kaplan,Consumer,Central,Electronics,Bluetooth Speaker,49.99,1,0.0,Credit Card,Returned
ORD-20241446,2024-05-24,Liam Wilson,Consumer,Central,Clothing,Formal Blazer,180.0,1,0.0,Debit Card,Returned
ORD-20241447,2024-01-11,Olivia Taylor,Consumer,Central,Home Appliances,Blender Pro,79.99,1,0.1,PayPal,Completed
ORD-20241448,2024-08-05,Ava Anderson,Home Office,South,Furniture,Leather Sofa,899.0,1,0.15,UPI / Bank Transfer,Completed
ORD-20241449,2024-04-10,Sneha Iyer,Home Office,East,Furniture,Ergonomic Chair,249.99,4,0.05,UPI / Bank Transfer,Completed
ORD-20241450,2024-10-14,Sneha Iyer,Corporate,Central,Electronics,Wireless Headphones,89.99,1,0.15,Credit Card,Completed
ORD-20240539,2024-08-31,Siddharth Kaplan,Corporate,West,Home Appliances,Espresso Machine,299.99,3,0.2,UPI / Bank Transfer,Completed
ORD-20240755,2024-09-11,Karan Malhotra,Home Office,South,Office Supplies,Paper Reams (5-pack),22.5,1,0.0,Credit Card,Completed
ORD-20240050,2024-09-05,Vikram Singh,Home Office,South,Furniture,Desk Lamp,35.0,1,0.2,Credit Card,Completed
ORD-20241381,2024-01-27,Meera Rao,Corporate,East,Clothing,Denim Jacket,65.0,1,0.15,Debit Card,Cancelled
ORD-20240142,2024-03-14,Sophia Miller,Consumer,East,Electronics,USB-C Dock,75.5,1,0.1,Credit Card,Returned
ORD-20240615,2024-08-31,Olivia Taylor,Home Office,North,Furniture,Standing Desk,450.0,4,0.15,Credit Card,Completed
ORD-20241051,2024-08-16,Amit Choudhury,Home Office,South,Office Supplies,Paper Reams (5-pack),22.5,1,0.15,Credit Card,Completed
ORD-20240794,2024-04-07,Sophia Miller,Corporate,West,Home Appliances,Robot Vacuum,349.99,1,0.15,UPI / Bank Transfer,Completed
ORD-20241007,2024-02-29,Sophia Miller,Consumer,East,Home Appliances,Robot Vacuum,349.99,2,0.0,PayPal,Completed
ORD-20241324,2024-12-16,Meera Rao,Home Office,North,Furniture,Desk Lamp,35.0,4,0.15,Debit Card,Returned
ORD-20240875,2024-01-11,Vikram Singh,Consumer,Central,Clothing,Winter Parka,,1,0.15,Debit Card,Completed
ORD-20240948,2024-03-12,Rahul Joshi,Home Office,South,Furniture,Desk Lamp,35.0,1,0.2,UPI / Bank Transfer,Pending
ORD-20240603,2024-03-14,Sophia Miller,Corporate,East,Home Appliances,Robot Vacuum,349.99,1,0.05,PayPal,Completed
ORD-20240839,2024-01-25,Emma Davis,Home Office,East,Office Supplies,Gel Pens Set,12.99,1,0.2,Debit Card,Completed
ORD-20240169,2024-04-09,Emma Davis,Corporate,West,Furniture,Ergonomic Chair,249.99,2,0.0,Credit Card,Completed
ORD-20240382,2024-04-11,Sneha Iyer,Consumer,East,Office Supplies,Binder Clips Set,8.5,3,0.0,UPI / Bank Transfer,Returned
ORD-20241323,2024-08-02,Noah Martinez,Consumer,North,Home Appliances,Electric Kettle,39.99,4,0.05,UPI / Bank Transfer,Returned
ORD-20241151,2024-09-04,Karan Malhotra,Home Office,Central,Furniture,Bookshelf,120.0,2,0.15,UPI / Bank Transfer,Cancelled
ORD-20240248,2024-07-06,Sophia Miller,Consumer,Central,Electronics,4K Monitor,320.0,2,0.0,PayPal,Completed
ORD-20240989,2024-08-27,Meera Rao,Home Office,North,Office Supplies,Binder Clips Set,8.5,4,0.2,PayPal,Completed
ORD-20240116,2024-02-11,Karan Malhotra,Consumer,Central,Office Supplies,Planner Notebook,18.0,1,0.15,Credit Card,Completed
ORD-20240066,2024-09-01,Priya Patel,Consumer,West,Electronics,4K Monitor,320.0,1,0.2,PayPal,Pending
ORD-20240644,2024-03-23,Rohan Gupta,Corporate,North,Furniture,Desk Lamp,35.0,4,0.15,Debit Card,Cancelled
ORD-20240652,2024-05-24,Vikram Singh,Consumer,South,Clothing,Winter Parka,150.0,3,0.05,UPI / Bank Transfer,Completed
ORD-20240810,2024-12-24,Vikram Singh,Home Office,Central,Office Supplies,Binder Clips Set,8.5,5,0.15,Credit Card,Completed
ORD-20240271,2024-08-07,Olivia Taylor,Corporate,Central,Electronics,Bluetooth Speaker,49.99,1,0.15,UPI / Bank Transfer,Completed
ORD-20240579,2024-02-28,Karan Malhotra,Home Office,South,Home Appliances,Espresso Machine,299.99,2,0.0,Debit Card,Completed
ORD-20241047,2024-04-22,Neha Reddy,Home Office,South,Furniture,Desk Lamp,35.0,2,0.05,Debit Card,Completed
ORD-20240788,2024-07-14,Olivia Taylor,Consumer,North,Clothing,Winter Parka,150.0,2,0.05,PayPal,Completed
ORD-20240052,2024-07-13,Emma Davis,Consumer,North,Office Supplies,Binder Clips Set,8.5,1,0.0,UPI / Bank Transfer,Completed
ORD-20240954,2024-09-27,Liam Wilson,Consumer,West,Furniture,Bookshelf,120.0,2,0.1,PayPal,Completed
ORD-20240665,2024-05-24,Siddharth Kaplan,Consumer,Central,Electronics,Wireless Headphones,89.99,1,0.05,Debit Card,Completed
ORD-20240240,2024-04-15,Emma Davis,Consumer,North,Electronics,USB-C Dock,75.5,1,0.05,UPI / Bank Transfer,Completed
ORD-20241332,2024-08-28,Sophia Miller,Consumer,West,Furniture,Leather Sofa,899.0,1,0.05,Credit Card,Cancelled
ORD-20240747,2024-04-17,Liam Wilson,Home Office,East,Clothing,Cotton T-Shirt,25.0,1,0.0,Debit Card,Cancelled
